,player_name,team,conf,GP,Min_per,ORtg,usg,eFG,TS_per,ORB_per,DRB_per,AST_per,TO_per,FTM,FTA,FT_per,twoPM,twoPA,twoP_per,threePM,threePA,threeP_per,blk_per,stl_per,ftr,yr,ht,num,porpag,year,pid,new school
1,Josh Ayeni,St. Bonaventure,A10,24,25.4,94,21.9,44.6,46.97,10.1,11.9,4.1,15.7,20,32,0.625,52,116,0.448,1,4,0.25,1.1,0.8,26.7,So,8-Jun,33,0.465039,2018,47026,South Alabama
2,Justice Bartley,Virginia,ACC,10,1.6,98.9,18.6,50,50.42,11.9,11.3,0,16.2,1,2,0.5,1,3,0.333,1,2,0.5,0,0,40,Jr,5-Jun,2,0.0802515,2018,41849,Maryland Eastern Shore
3,Devine Eke,Rider,MAAC,31,28.8,97.8,17.9,62.2,53.27,9.2,15.9,8.2,17.5,20,67,0.299,47,73,0.644,1,5,0.2,4.8,3.8,85.9,Jr,8-Jun,11,0.23389,2019,48260,Radford
4,Troy Simons,New Mexico,MWC,28,49.5,106.5,20.4,49.1,52.2,5.2,10,11.2,11.9,39,50,0.78,39,92,0.424,50,140,0.357,0.8,3.9,21.6,Jr,3-Jun,31,1.77482,2018,51925,Kent St.
5,Jerry Johnson Jr.,Chattanooga,SC,28,62,99.7,22.2,48,50.58,2.4,12.4,18.7,16,35,46,0.761,43,102,0.422,51,147,0.347,0,1.5,18.5,Jr,1-Jun,2,1.33772,2019,47827,Arkansas St.
6,Juwan Gray,San Diego,WCC,33,50.1,111.5,15.1,54.5,57.06,5.4,13.7,6.1,10.7,40,60,0.667,55,95,0.579,16,50,0.32,3.8,1.3,41.4,So,8-Jun,12,1.17359,2018,48179,Towson
7,Josh Mballa,Texas Tech,B12,17,3.7,78.8,18.1,44.4,41.53,4.5,5.9,6.1,17.4,5,14,0.357,4,8,0.5,0,1,0,4.4,2.1,155.6,Fr,7-Jun,35,-0.0976938,2019,65564,Buffalo
8,Micah Potter,Ohio St.,B10,29,21.2,117.6,20.6,52.2,56.59,13.2,15.5,6.3,11.7,24,30,0.8,38,70,0.543,6,20,0.3,4.4,1,33.3,So,9-Jun,0,1.26027,2018,47329,Wisconsin
9,Ty Taylor,UNC Wilmington,CAA,32,35,90.2,21.6,43.3,45.22,3,15.3,13.2,18,25,44,0.568,27,68,0.397,27,88,0.307,1.3,1.4,28.2,Jr,3-Jun,21,0.149697,2019,39366,Eastern Kentucky
10,Tyson Batiste,Central Connecticut,NEC,29,63.5,92.9,11.2,51.6,49.86,2.4,8.2,19.1,28.6,10,28,0.357,40,79,0.506,6,16,0.375,1.4,1.5,29.5,Jr,2-Jun,13,-0.71558,2019,49450,The Citadel
11,Matt Hein,Illinois St.,MVC,18,21.2,71.6,12.1,27.6,31.8,0.4,10.8,17.1,24.8,8,16,0.5,6,17,0.353,3,21,0.143,0.4,2.6,42.1,Jr,3-Jun,5,-1.22534,2019,40103,Siena
12,Curtis Cobb,Massachusetts,A10,23,45.2,97.1,19.8,47.6,48.04,2,14.2,19.2,17.8,13,25,0.52,42,91,0.462,32,98,0.327,0,2.3,13.2,Jr,4-Jun,33,1.02456,2019,43570,Wagner
13,Ralueke Orizu,Savannah St.,MEAC,24,22.6,95.2,15.2,54.1,55.09,7.5,17,1.8,23,19,34,0.559,33,60,0.55,0,1,0,5,1.2,55.7,Fr,8-Jun,2,0.0155362,2018,50951,Eastern Washington
14,Ibrahim Famouke Doumbia,South Carolina,SEC,11,2.7,86.7,13.6,33.3,36.7,3.1,13.8,0,0,2,4,0.5,3,7,0.429,0,2,0,0,1.6,44.4,Fr,6-Jun,14,-0.0590177,2018,50854,UCF
15,Chad Lott,Howard,MEAC,27,66.9,95.4,25,49.8,52.43,4.9,12.8,14.4,21.4,60,87,0.69,141,292,0.483,13,30,0.433,2.4,1.3,27,Jr,4-Jun,21,1.16556,2019,40718,South Alabama
16,Jalen Johnson,Saint Louis,A10,32,68.2,109.1,16.3,52.6,57.42,3.9,13.2,5.1,17.1,66,84,0.786,37,82,0.451,49,128,0.383,2.7,0.8,40,So,7-Jun,20,1.55124,2018,45313,Louisiana Lafayette
17,Chris Clarke,Virginia Tech,ACC,33,61,107,19.9,61.4,62.57,5.4,24.3,21,26.4,53,82,0.646,87,143,0.608,14,33,0.424,0.6,2.2,46.6,Jr,6-Jun,15,1.94026,2018,40845,Texas Tech
18,Prentiss Nixon,Colorado St.,MWC,26,66.2,100.4,25.5,44.5,50.54,1,10.5,12.9,14.4,100,119,0.84,64,164,0.39,63,192,0.328,0.1,2.6,33.4,Jr,2-Jun,11,2.40199,2018,38713,Iowa St.
19,Marcus Burk,Campbell,BSth,30,78.7,114.6,19.9,60.2,62.47,2.7,11.1,6.9,12.3,49,58,0.845,73,117,0.624,81,206,0.393,0.9,2.3,18,So,3-Jun,34,2.72736,2018,46998,IUPUI
20,Don Coleman,California,P12,29,73.2,95.2,26.2,36.5,44.77,3.6,7.4,13.4,13.7,144,193,0.746,99,271,0.365,25,103,0.243,0.1,2.6,51.6,Jr,3-Jun,14,1.76272,2018,44421,South Alabama
21,Roman Penn,Siena,MAAC,23,56,109.5,17.9,48.2,55.46,6,11.9,19.5,20.2,65,78,0.833,43,93,0.462,24,71,0.338,0.8,2.3,47.6,Fr,11-May,20,1.81728,2018,50994,Drake
22,Khadim Gueye,South Carolina,SEC,16,6.1,28.9,6.1,0,0,6.9,9.2,0,59.6,0,2,0,0,2,0,0,0,0,1.5,0.7,100,So,Jul-00,12,-1.12686,2018,46311,Akron
23,Chance McSpadden,UCF,Amer,7,3.7,69.1,15.1,35.7,30.46,7.5,21.3,10.6,24,1,6,0.167,1,3,0.333,1,4,0.25,0,1.2,85.7,Jr,4-Jun,22,-0.556017,2019,43693,Stetson
24,Jordan Ash,Northwestern,B10,10,5.9,64.7,13.7,22.7,27.13,0,10.8,24.2,28.8,2,4,0.5,1,5,0.2,1,6,0.167,0,4.7,36.4,Sr,3-Jun,23,-0.722844,2019,39483,Wright St.
25,Jack Wilson,Oregon St.,P12,7,1.5,18.4,10.3,0,0,6.5,0,0,30.3,0,0,0,0,3,0,0,0,0,0,0,0,Fr,Jul-00,14,-0.681203,2019,65935,Idaho
26,Justin Roberts,DePaul,BE,30,36.4,85.5,20.5,42.2,44.49,1.9,7.4,25.1,27.1,15,21,0.714,39,98,0.398,12,37,0.324,0.8,1.9,15.6,Fr,Jun-00,0,0.0882476,2018,50821,Georgia St.
27,Trey Woodbury,UNLV,MWC,22,11.1,71.2,16.3,38.9,39.09,0.8,11.5,6.5,28.1,2,5,0.4,5,15,0.333,6,21,0.286,1.5,4.2,13.9,Fr,4-Jun,22,-0.409271,2019,65811,Utah Valley
28,Justin Roberts,Toledo,MAC,31,20.2,127.2,11.4,60.7,63.9,0.4,7.1,16.1,15,13,17,0.765,3,11,0.273,15,31,0.484,0,0.2,40.5,So,10-May,5,0.704764,2018,47913,Niagara
29,Andre Fox,High Point,BSth,26,71.2,107.6,25.8,54.6,58.18,1.7,18.6,9.2,16.6,87,119,0.731,83,170,0.488,52,125,0.416,1.3,2.5,40.3,Jr,4-Jun,22,2.52759,2018,41223,South Alabama
30,Payton Willis,Vanderbilt,SEC,31,44.4,100.8,16.6,48.6,50.77,2.1,10.2,14.5,18.3,23,35,0.657,10,29,0.345,38,109,0.349,0.5,1.5,25.4,So,4-Jun,1,0.882342,2018,49181,Minnesota
31,Haanif Cheatham,Florida Gulf Coast,ASun,9,20.7,94.6,27,49.5,52.56,2,17.7,15.4,18.6,25,38,0.658,38,79,0.481,7,19,0.368,0.9,2.1,38.8,Sr,5-Jun,22,1.6846,2019,42953,Nebraska
32,Donald Carey,Mount St. Mary's,NEC,30,77.9,91.8,20.2,48,52.24,1.4,9.1,19.2,25.7,49,60,0.817,57,128,0.445,35,100,0.35,0.4,2,26.3,Fr,5-Jun,10,0.103925,2018,51327,Siena
33,Lance Thomas,Louisville,ACC,12,3.4,124.3,19.7,71.4,73.03,7,25.1,0,17.6,6,8,0.75,7,7,1,2,7,0.286,4,2.3,57.1,Fr,8-Jun,1,0.545503,2018,51041,Memphis
34,Tyrik Dixon,Middle Tennessee,CUSA,31,54.5,103,14.9,44.4,48.24,2.2,14.5,23,21.9,24,30,0.8,30,74,0.405,20,61,0.328,0.4,2.1,22.2,So,1-Jun,0,0.725317,2018,47006,Missouri St.
35,Ian Steere,North Carolina St.,ACC,1,0.3,204.1,17.7,100,100,0,91.9,60.3,0,0,0,0,2,2,1,0,0,0,0,0,0,Fr,9-Jun,21,1.75483,2019,66261,St. John's
36,Antwain Johnson,Middle Tennessee,CUSA,30,53,113.3,21.6,51.2,55.61,2.3,8.3,15,12.4,54,62,0.871,66,140,0.471,39,103,0.379,0.7,1.6,25.5,Jr,2-Jun,2,2.33589,2018,44784,Buffalo
37,Makale Foreman,Chattanooga,SC,31,87.4,106.4,14.8,55.1,57.57,1.4,6,9.6,17.5,37,44,0.841,32,73,0.438,73,184,0.397,0,1.3,17.1,So,1-Jun,0,1.13363,2018,49015,Stony Brook
38,Rodney Chatman,Chattanooga,SC,28,73.6,103.2,24.4,52,56.79,1,15,31.9,23.1,88,114,0.772,85,156,0.545,39,120,0.325,1.7,2.1,41.3,So,1-Jun,1,2.14662,2018,49014,Dayton
39,Quatarrius Wilson,McNeese St.,Slnd,25,76.4,101.6,20.7,51.1,52.72,12.5,21.5,8.6,19.9,46,78,0.59,106,197,0.538,4,22,0.182,3.1,1.4,35.6,Jr,8-Jun,0,1.4063,2018,51630,Southeast Missouri St.
40,Jonathan Laurent,Massachusetts,A10,30,52.8,116.8,19.6,63.6,67.78,6.8,19.8,13.6,23.2,60,70,0.857,60,102,0.588,35,75,0.467,1.5,0.9,39.5,Jr,6-Jun,1,2.33454,2019,42289,Oklahoma St.
41,Everett Winchester,Wright St.,Horz,31,48.7,94,21.9,45.5,51.01,6.8,13.4,10.2,21,70,104,0.673,81,172,0.471,0,6,0,1.6,1.2,58.4,Fr,6-Jun,2,0.585327,2018,48621,Florida Atlantic
42,Bubba Parham,VMI,SC,29,85.6,107.9,29.3,53.7,58.05,0.6,10.3,24,15,132,169,0.781,82,179,0.458,105,267,0.393,0.1,1,37.9,So,11-May,3,3.98272,2019,51048,Georgia Tech
43,Brandon Davis,UC Santa Barbara,BW,26,11,70.9,10.1,18.8,28.92,0,12.1,21.7,44.3,3,5,0.6,0,5,0,1,3,0.333,0,2.7,62.5,Fr,1-Jun,11,-0.488927,2018,51325,Sacramento St.
44,Nate Sestina,Bucknell,Pat,31,64.9,112.5,25.4,59.6,62.62,8.4,25.9,9.8,17,80,99,0.808,144,237,0.608,41,108,0.38,3.9,0.7,28.7,Sr,9-Jun,4,3.10235,2019,39685,Kentucky
45,Pat Andree,Lehigh,Pat,29,67.6,118.3,19,57.8,59.75,3.2,19.7,10.7,9,49,67,0.731,58,116,0.5,70,166,0.422,0.7,1,23.8,Jr,8-Jun,31,2.84243,2019,46348,North Carolina St.
46,L.J. Owens,William & Mary,CAA,30,59.9,107.6,13.5,55.6,58.19,1.5,6.7,7.3,14.7,35,49,0.714,44,81,0.543,27,71,0.38,0.6,1,32.2,Fr,3-Jun,11,0.672626,2019,65705,UMBC
47,Vitaliy Shibel,Arizona St.,P12,17,3.7,62.3,10.6,33.3,33.33,4.3,10.4,0,30.5,0,0,0,0,2,0,2,7,0.286,0,1.1,0,So,9-Jun,10,-0.342963,2019,48953,UNLV
48,Corey Tillery,Tennessee Tech,OVC,28,64,89.1,15.1,43,44.75,0.9,8.9,6.2,13.7,16,19,0.842,15,51,0.294,53,169,0.314,0.6,1.3,8.6,Jr,1-Jun,3,-0.557834,2019,50479,Alcorn St.
49,Donnie Tillman,Utah,P12,31,67.9,116.9,19.1,53.5,58.62,5.8,16.9,11.5,14.9,81,103,0.786,57,108,0.528,44,122,0.361,1.3,1.3,44.8,So,7-Jun,3,3.08171,2019,51835,UNLV
50,Luwane Pipkins,Massachusetts,A10,25,60.3,98.9,32.1,41.4,47.65,1.8,17.2,35.6,17.8,103,128,0.805,77,189,0.407,48,171,0.281,0.3,2.3,35.6,Jr,11-May,2,2.96275,2019,41854,Providence
51,Shakur Juiston,UNLV,MWC,8,18.4,85.1,25.3,46.8,48.33,6.6,27.8,14.5,28.9,12,21,0.571,31,66,0.47,4,13,0.308,3.2,3,26.6,Sr,7-Jun,10,0.458274,2019,51673,Oregon
52,Mike Sagay,Boston College,ACC,15,5.2,75.3,27.9,44.8,44.44,5,19.3,0,20.6,4,10,0.4,7,22,0.318,4,7,0.571,1.6,1.6,34.5,Fr,7-Jun,23,-0.0234381,2017,46501,IUPUI
53,Teshaun Hightower,Georgia,SEC,29,39.4,92.6,22.4,47.8,51.9,2.1,9.4,17.7,25.5,42,59,0.712,40,76,0.526,23,80,0.287,0.2,1.6,37.8,So,5-Jun,1,0.780208,2019,51230,Tulane
54,Abu Kigab,Oregon,P12,10,10.1,106.3,13.6,46,47.49,6.4,13.5,20.9,20.3,3,5,0.6,10,14,0.714,1,11,0.091,0,0.4,20,So,7-Jun,24,0.576396,2019,51889,Boise St.
55,Miryne Thomas,Maryland Eastern Shore,MEAC,28,62.3,90.9,26.5,44.8,49.6,9.6,23.8,8.6,20.9,81,119,0.681,105,209,0.502,7,49,0.143,1.7,1.4,46.1,Fr,8-Jun,1,0.589971,2018,51618,Ball St.
56,C.J. Keyser,Wichita St.,Amer,18,9.5,106.8,14.8,37.5,49.8,3.7,8.7,13.4,18.2,13,15,0.867,9,18,0.5,0,6,0,1.8,2.7,62.5,So,3-Jun,3,0.333802,2018,46793,North Carolina Central
57,B.J. Maxwell,Abilene Christian,Slnd,21,48.3,129.8,15.2,61.4,64.38,6.5,14.6,11.9,10.2,26,29,0.897,38,67,0.567,32,73,0.438,1.6,2.5,20.7,Jr,5-Jun,13,2.80938,2019,41634,Detroit
58,Nate Darling,UAB,CUSA,31,69.6,112.2,17.9,60.7,63.44,1.6,9.8,17.3,23,42,49,0.857,51,86,0.593,57,139,0.41,1.3,0.9,21.8,So,5-Jun,13,2.04501,2018,44749,Delaware
59,Nazeer Bostick,Penn St.,B10,35,38.3,95.8,17.2,44.4,50.33,5.9,9.7,6.9,21.6,46,63,0.73,49,106,0.462,7,28,0.25,1.1,2.2,47,So,4-Jun,4,0.462502,2018,49007,Saint Peter's
60,Brandon Averette,Oklahoma St.,B12,36,49.3,99.5,19.8,43.4,47.5,0.9,9.1,26.4,19.6,44,59,0.746,77,175,0.44,10,37,0.27,0.1,1.7,27.8,So,11-May,0,1.07412,2018,46598,Utah Valley
61,Deion James,Colorado St.,MWC,30,61.6,100.1,22.3,46.6,50.05,9.1,13.2,13.8,17.6,53,73,0.726,105,216,0.486,12,48,0.25,3,1.4,27.7,Jr,8-Jun,20,1.54971,2018,43109,Washington St.
62,Xeyrius Williams,Dayton,A10,18,26.5,93.9,18.2,43.7,45.55,4,16.8,14.4,16.7,7,8,0.875,16,33,0.485,17,62,0.274,3.5,1.4,8.4,Jr,9-Jun,20,0.315808,2018,42876,Akron
63,Derrik Smits,Valparaiso,MVC,30,53.1,103.2,29.6,57.5,58.89,11.6,20.7,9.8,19.2,85,140,0.607,138,239,0.577,0,1,0,4.3,1.2,58.3,Jr,1-Jul,21,2.24586,2019,43188,Butler
64,Sylvester Ogbonda,Georgia Tech,ACC,10,5.1,80.1,24.4,33.3,39.56,13.4,16.7,12.4,22.1,6,10,0.6,6,18,0.333,0,0,0,5.2,1.8,55.6,Jr,10-Jun,24,0.0439527,2019,41742,Ohio
65,Shamiel Stevenson,Pittsburgh,ACC,4,2.4,93.2,21.6,62.5,60.12,0,23.7,8.7,25.1,0,1,0,6,11,0.545,1,1,1,3.7,5.5,8.3,So,6-Jun,0,0.0327816,2019,50258,Nevada
66,Logan Johnson,Cincinnati,Amer,32,15.8,100.2,19.4,50,53.85,7.9,12.6,18.3,27.1,14,20,0.7,20,37,0.541,3,12,0.25,4.1,3,40.8,Fr,2-Jun,0,0.373782,2019,65751,Saint Mary's
67,Ferron Flavors Jr.,Fairfield,MAAC,33,76.8,101.6,18.9,48,50.06,1.9,11.4,6.6,7.6,43,58,0.741,39,95,0.411,95,283,0.336,0,1.1,15.3,So,4-Jun,23,1.14507,2018,52096,Cal Baptist
68,Jordy Tshimanga,Nebraska,B10,31,31.9,92,21.6,45.5,47.5,15.9,20.6,7.1,23.7,22,39,0.564,51,112,0.455,0,0,0,3.1,1.1,34.8,So,11-Jun,32,0.481742,2018,44214,Dayton
69,Quinton Adlesh,Columbia,Ivy,26,78,97.9,22.8,52,52.59,0.6,9.2,15.4,16.1,15,22,0.682,73,151,0.483,65,177,0.367,0.1,2.8,6.7,Sr,Jun-00,10,1.62379,2019,42066,USC
70,J.J. Caldwell,Texas A&M,SEC,17,19.3,96.5,15.2,40.9,47.66,3.7,8.5,24.5,28.6,15,20,0.75,15,36,0.417,2,8,0.25,0.8,2.5,45.5,Fr,1-Jun,4,0.305625,2018,44311,New Mexico
71,Tracy Hector,Florida A&M,MEAC,26,63.3,83.9,20.4,38.6,42.79,5.7,16.1,23.2,25.5,49,87,0.563,58,142,0.408,3,20,0.15,1,2.9,53.7,Jr,5-Jun,0,-0.582588,2019,67751,Florida Gulf Coast
72,Terrell Allen,UCF,Amer,33,76.1,107.4,14.8,50.3,53.74,0.8,10,26,22.3,42,58,0.724,51,115,0.443,26,64,0.406,0,2.5,32.4,Jr,3-Jun,2,1.85506,2019,42053,Georgetown
73,Jaylen Key,Northern Illinois,MAC,29,28.3,83.2,18.2,40.9,44.43,3.3,12.7,5.3,21.1,15,19,0.789,39,94,0.415,1,5,0.2,1.8,0.8,19.2,Sr,8-Jun,15,-0.18914,2019,43629,New Orleans
74,Branden Johnson,Alabama St.,SWAC,29,41.3,101.4,12.7,62.7,55.64,8.1,14.5,1.4,17,18,54,0.333,47,75,0.627,0,0,0,3.8,0.7,72,So,8-Jun,24,0.102928,2019,42735,Virginia Tech
75,John Knight III,Utah St.,MWC,10,12.9,90.2,26.9,41,46.37,4.1,20,12.9,18,23,36,0.639,26,65,0.4,1,2,0.5,3.3,3.9,53.7,So,2-Jun,3,0.70399,2019,66218,Southern Utah
76,Zane Martin,Towson,CAA,30,76.6,109.4,31.4,51.7,54.68,2.2,11.3,19.4,14.6,111,159,0.698,146,296,0.493,66,178,0.371,0.8,1.4,33.5,So,4-Jun,0,3.6639,2018,48815,New Mexico
77,Cian Sullivan,La Salle,A10,10,2.7,95.2,18,33.3,50.63,19.3,17.8,0,28.4,4,4,1,2,6,0.333,0,0,0,6.4,0,66.7,So,2-Jul,31,0.107491,2019,45644,Hartford
78,Omar Silverio,Rhode Island,A10,28,16.3,85.6,17.3,41.1,42.47,2.6,12.5,15.6,21.8,6,11,0.545,8,26,0.308,10,30,0.333,0.5,2.4,19.6,Fr,4-Jun,15,-0.0679153,2019,66196,Hofstra
79,Tevin Mack,Alabama,SEC,34,51.2,97.9,23,50.4,51.04,4.8,13,8.7,17,28,50,0.56,67,132,0.508,48,144,0.333,2.3,0.9,18.1,Jr,6-Jun,34,1.45523,2019,52030,Clemson
80,Marcus Sheffield,Stanford,P12,27,34.8,107,16.1,52.4,55.33,1.9,6.5,7,15.1,19,22,0.864,21,43,0.488,30,83,0.361,0.6,1.7,17.5,Jr,5-Jun,14,0.900142,2019,39158,Elon
81,Cameron Satterwhite,Loyola Chicago,MVC,34,23,73.4,15.6,32.2,41.35,1.3,16.3,14,33.4,20,30,0.667,10,30,0.333,3,15,0.2,1,0.4,66.7,So,4-Jun,23,-0.580748,2018,49679,Northern Arizona
82,Dominik Olejniczak,Mississippi,SEC,33,45.6,110.3,15.3,57.5,60.32,7.8,11.6,7,20.8,29,38,0.763,73,127,0.575,0,0,0,5.4,1.6,29.9,Jr,Jul-00,13,1.34294,2019,44628,Florida St.
83,Quade Green,Kentucky,SEC,9,10.7,105.1,25.8,56.1,62.04,2.4,6.3,25.3,30.3,17,19,0.895,11,23,0.478,11,26,0.423,0,3.3,38.8,So,Jun-00,0,1.65151,2019,50512,Washington
84,Jordan Usher,USC,P12,12,21.6,98.6,19.9,50,53.19,3.9,12.8,12.2,19.6,19,27,0.704,30,56,0.536,8,28,0.286,1.1,0.8,32.1,So,7-Jun,1,1.19482,2019,51496,Georgia Tech
85,Cameron Corcoran,Little Rock,SB,29,41.6,107.6,18.8,55.9,59.2,0.7,3.5,9.4,17.1,35,45,0.778,18,44,0.409,42,101,0.416,0.3,1.1,31,Fr,1-Jun,3,1.08125,2018,51331,FIU
86,Austin Reaves,Wichita St.,Amer,33,53.2,120.3,16.8,59.3,62.47,2.1,14,15.8,18.2,43,52,0.827,31,62,0.5,54,127,0.425,1.3,1.3,27.5,So,5-Jun,12,2.3149,2018,46787,Oklahoma
87,Kaden Archie,TCU,B12,10,6.7,68.2,16.7,26,33.68,3.5,13.4,0,17.1,8,13,0.615,5,14,0.357,1,11,0.091,2.1,5.7,52,Fr,6-Jun,0,-0.790651,2019,65590,UTEP
88,Alex Barcello,Arizona,P12,30,22.2,106.4,17.4,47.6,52.67,0.8,10.1,10.5,11.7,19,21,0.905,19,36,0.528,14,48,0.292,0,2,25,So,2-Jun,23,0.623353,2019,50225,BYU
89,Yanni Wetzell,Vanderbilt,SEC,32,46,97.6,18.2,52.9,57.57,7.8,15.6,4.1,25.2,45,59,0.763,59,103,0.573,9,34,0.265,3.4,2.1,43.1,Jr,10-Jun,1,0.832031,2019,68125,San Diego St.
90,Jaycee Hillsman,San Jose St.,MWC,29,62.2,97.2,23.8,47.9,54.73,5.1,14.9,20.6,24.7,80,98,0.816,61,135,0.452,27,77,0.351,1.5,1.3,46.2,Jr,6-Jun,25,1.31641,2018,43818,Illinois St.
91,Donnell Gresham Jr.,Northeastern,CAA,34,82.7,116.6,16.2,52.5,57.96,2.2,15.9,16.7,14,80,98,0.816,43,94,0.457,55,145,0.379,0,2.1,41,Jr,1-Jun,22,2.4701,2019,43605,Georgia
92,Collin McManus,Penn,Ivy,8,1.4,209.8,7.6,100,100,11.9,11.7,19.2,0,0,0,0,2,2,1,0,0,0,5.4,0,0,Jr,10-Jun,44,0.692701,2018,38791,Fairleigh Dickinson
93,Michael Hueitt Jr.,Old Dominion,CUSA,13,6,133,15.8,61.4,61.36,7.2,32.5,16.9,9.8,0,0,0,0,3,0,9,19,0.474,0,0.8,0,Fr,3-Jun,11,0.73087,2018,52277,UNC Greensboro
94,Chris Barnes,Tulsa,Amer,31,22.1,75.8,18,35.5,43.43,2.5,13.6,9.4,26.7,21,27,0.778,22,58,0.379,0,4,0,0.4,0.8,43.5,So,4-Jun,0,-0.337102,2019,44658,Eastern Michigan
95,Brad Calipari,Kentucky,SEC,12,1.9,45.8,13.8,21.4,21.43,0,7.4,5.6,29.3,0,0,0,0,0,0,1,7,0.143,0,0,0,So,Jun-00,12,-0.35932,2018,47568,Detroit
96,Shawn Williams,East Carolina,Amer,26,71.7,107.6,17.4,49.7,52.81,0.9,5.3,10.1,9.5,43,49,0.878,40,97,0.412,70,195,0.359,0.3,1.1,16.8,So,1-Jun,55,2.41375,2019,46507,New Mexico St.
97,Tervell Beck,UNLV,MWC,18,17.4,87.4,21,52.9,55.09,6.9,12,5.4,31.6,18,30,0.6,23,39,0.59,3,13,0.231,2.9,1.9,57.7,So,7-Jun,14,0.0928564,2019,51524,Kent St.
98,Jaylen Shead,Texas St.,SB,32,71.6,103.1,18.3,47.4,51.96,2,16,30.5,24,63,92,0.685,68,140,0.486,16,54,0.296,1.1,2.4,47.4,Jr,1-Jun,35,1.24363,2019,40083,Washington St.
99,Akwasi Yeboah,Stony Brook,AE,31,76.2,103,26.7,48.9,52.89,5.4,20.1,10.9,17.2,95,122,0.779,112,225,0.498,65,203,0.32,1.7,1.5,28.5,Jr,6-Jun,15,2.39043,2019,43276,Rutgers
100,JoJo Anderson,Northern Arizona,BSky,26,54.3,100.6,24.8,44,55.48,0.8,7.4,19.1,20.8,123,146,0.842,33,89,0.371,37,112,0.33,0.2,1.2,72.6,So,3-Jun,4,1.64492,2018,46789,Albany
101,Micah Bradford,Valparaiso,MVC,29,39.3,85.4,21.8,39.9,41.24,1,9.7,27.1,20.1,20,41,0.488,24,62,0.387,22,81,0.272,0.5,2.2,28.7,So,2-Jun,1,0.0767742,2018,46403,Southern
102,Isaiah Washington,Minnesota,B10,28,31.1,84.9,22.5,34.5,37.62,2,9.1,34.3,20.2,19,27,0.704,36,101,0.356,10,47,0.213,0.9,2,18.2,So,1-Jun,11,0.345023,2019,50174,Iona
103,Brandon Cyrus,DePaul,BE,31,68.1,102.1,15.1,45.6,49.36,6.8,7.2,10.5,17,45,65,0.692,62,143,0.434,18,52,0.346,1.6,1.1,33.3,So,5-Jun,4,1.02356,2018,49194,UC Santa Barbara
104,Reginald Gee,Alabama St.,SWAC,28,72.7,95.9,23,45.1,50.19,3.1,13.3,9.4,18.4,84,113,0.743,65,175,0.371,45,119,0.378,0.8,1.1,38.4,Jr,3-Jun,12,1.05894,2019,49044,Austin Peay
105,Jimmy Whitt Jr.,SMU,Amer,30,82.3,112.2,20.8,49.4,50.39,6.7,14.2,22.7,12.2,42,74,0.568,158,304,0.52,4,28,0.143,1.4,2.5,22.3,Jr,3-Jun,33,3.70734,2019,42446,Arkansas
106,Rasir Bolton,Penn St.,B10,32,66.6,96.2,24.1,47.1,53.64,2.5,6.2,11.4,23.4,92,105,0.876,61,151,0.404,52,144,0.361,0.3,1.4,35.6,Fr,2-Jun,13,2.00941,2019,65867,Iowa St.
107,Frank Ryder,San Diego,WCC,24,27.4,101.1,18.6,46.8,52.29,6.5,7.7,10.9,15.9,26,35,0.743,37,79,0.468,0,0,0,1.4,0.7,44.3,Fr,10-Jun,30,0.654098,2017,45062,Colorado
108,K.J. Lawson,Kansas,B12,35,23.8,105,17.2,52.9,55.95,6.7,15.1,9.1,20.9,18,24,0.75,26,42,0.619,13,44,0.295,0.3,1.3,27.9,So,8-Jun,13,0.737574,2019,42509,Tulane
109,Lavar Harewood,South Carolina St.,MEAC,24,44.2,109.2,17.7,54.1,56.55,4.9,12.2,7.3,16.1,26,33,0.788,29,63,0.46,42,107,0.393,0.4,2,19.4,Jr,3-Jun,0,1.17751,2019,67502,Portland
110,Quinton Forrest,Jacksonville,ASun,13,3.2,73.4,14.9,38.9,42.22,2.8,14.7,4.3,28.3,1,1,1,2,5,0.4,1,4,0.25,0,1.4,11.1,Jr,4-Jun,15,-0.207943,2019,42323,Idaho
111,Camron Justice,IUPUI,Horz,31,83.4,110.3,25.9,51,56.51,1.1,10.2,17.5,16.9,128,149,0.859,96,193,0.497,85,245,0.347,0.1,2.2,34,Jr,3-Jun,5,3.43003,2019,42129,Western Kentucky
112,Jermaine Jackson Jr.,Detroit,Horz,28,69.4,93.7,19.3,42.1,46.5,1.5,9.8,13.6,15.9,52,62,0.839,46,113,0.407,47,164,0.287,0.4,1.5,22.4,Fr,10-May,1,0.548517,2018,50600,LIU Brooklyn
113,Dainan Swoope,Elon,CAA,4,7.7,98.6,17.4,52.4,56.45,1.2,3.8,12.4,21.8,6,8,0.75,5,10,0.5,4,11,0.364,0,0.6,38.1,Sr,Jun-00,13,0.786589,2019,41156,Sam Houston St.
114,Guilien Smith,Dartmouth,Ivy,16,20.9,88,18.9,38.9,44.83,1.5,14.1,11.7,17.3,16,20,0.8,14,32,0.438,7,31,0.226,0.9,1.5,31.7,Sr,2-Jun,14,0.102069,2019,43240,Northeastern
115,Ronnie Suggs,Missouri,SEC,27,18.8,80.3,15,37.5,42.24,4.4,12.6,5.4,25.1,13,22,0.591,6,21,0.286,7,23,0.304,0,1,50,Jr,6-Jun,3,-0.234714,2019,40490,Southern Illinois
116,Izaiah Brockington,St. Bonaventure,A10,34,28.7,109.8,18.5,53.4,53.84,2.4,9.7,14.9,11,21,39,0.538,30,65,0.462,22,53,0.415,1.6,2,33.1,Fr,4-Jun,21,0.838568,2018,50379,Penn St.
117,Owen Hamilton,Northern Illinois,MAC,26,14.1,107.2,13,60.7,60.2,6.8,11.1,3.2,21.1,6,11,0.545,17,27,0.63,0,1,0,1.4,2.1,39.3,Fr,Jul-00,33,0.180434,2018,50384,Wisconsin
118,Jamal Smith,Cal St. Fullerton,BW,31,44.9,83.9,12.6,50,53.17,2,11.6,11.2,33.3,23,36,0.639,23,52,0.442,10,24,0.417,0.9,1.8,47.4,Jr,3-Jun,1,-0.786086,2019,40476,Cal Poly
119,Micaiah Henry,Tennessee Tech,OVC,29,63.7,93,20.6,56.2,55.57,9.5,10.2,5.7,24.1,62,122,0.508,104,184,0.565,0,1,0,7.2,0.7,65.9,Jr,9-Jun,11,0.436913,2019,41174,South Carolina
120,Prince Oduro,Siena,MAAC,31,60,83.3,23.9,48.4,45.88,7.1,16.3,7,20.6,41,123,0.333,121,250,0.484,0,0,0,3,0.5,49.2,Fr,8-Jun,15,-0.170193,2018,50993,Mississippi St.
121,Anthony Masinton-Bonner,Colorado St.,MWC,24,49.6,111.2,19.1,59.2,63.02,1.2,9.5,9.3,17.2,45,52,0.865,54,87,0.621,35,93,0.376,0.4,1.9,28.9,Jr,2-Jun,15,2.06823,2019,38716,Missouri St.
122,Justin Whatley,East Carolina,Amer,4,2.7,116.5,16.9,50,45.66,9.7,6.9,24.6,0,0,2,0,2,4,0.5,2,6,0.333,6.7,3.4,20,So,8-Jun,13,0.562924,2019,51118,North Carolina Central
123,Jesse Wade,Gonzaga,WCC,20,6.9,94.9,14.6,43.1,42.73,2.3,5.3,5.9,11.4,1,3,0.333,2,4,0.5,7,25,0.28,0,3.3,10.3,Fr,1-Jun,10,-0.0127057,2018,51051,BYU
124,Brady Heiman,Nebraska,B10,29,16.3,107,12.9,59,53.65,10.5,12.6,2.5,14.1,4,16,0.25,23,38,0.605,0,1,0,6.4,0.8,41,Fr,11-Jun,45,0.443121,2019,66104,South Dakota
125,Jamal Johnson,Memphis,Amer,34,65.3,104.6,14.1,46.8,50.36,3.4,11.2,7.4,15.1,46,66,0.697,23,59,0.39,47,141,0.333,2.1,1.5,33,Fr,3-Jun,1,0.882132,2018,50709,Auburn
126,Jy'lan Washington,Louisiana Tech,CUSA,31,47,106,17.2,47.7,52.22,8.1,13.3,5.4,13.3,40,53,0.755,42,75,0.56,20,76,0.263,1.6,1.2,35.1,Jr,9-Jun,22,1.00679,2018,44024,Tennessee St.
127,Chyree Walker,Delaware,CAA,28,36.1,85.4,17.5,43.5,43.54,6.9,10.5,5.8,18.9,13,31,0.419,39,87,0.448,5,20,0.25,0,1.5,29,Fr,5-Jun,11,-0.39606,2018,51529,Radford
128,Carter Skaggs,Washington St.,P12,25,32.2,104.3,17.1,54.5,57.24,1.4,10.4,8.1,16.6,17,19,0.895,8,13,0.615,39,109,0.358,0.5,0.9,15.6,Jr,5-Jun,35,0.777933,2019,52273,UNC Wilmington
129,Spencer Foley,Canisius,MAAC,28,27.7,127.2,17.1,64.9,65.29,8,6.5,11.3,12.8,9,13,0.692,21,33,0.636,34,78,0.436,0.3,1.2,11.7,So,7-Jun,14,1.45411,2018,46972,McNeese St.
130,Chris Baldwin,Massachusetts,A10,21,25.9,95.4,18.1,50,50.89,8.1,22.2,7.1,20.8,7,11,0.636,23,46,0.5,16,48,0.333,3,1.2,11.7,So,8-Jun,5,0.383642,2018,47428,Texas Southern
131,Christian Keeling,Charleston Southern,BSth,30,82.1,111.8,26.6,56.2,59.9,3,21.1,17.4,16.7,111,142,0.782,118,222,0.532,75,188,0.399,2.5,2.2,34.6,Jr,4-Jun,11,3.59064,2019,48904,North Carolina
132,Zo Tyson,Colorado St.,MWC,12,4.5,73.1,12,40,36.23,2.2,20.5,16.9,34.4,1,4,0.25,2,5,0.4,0,0,0,10.3,1,80,Jr,9-Jun,1,-0.363012,2019,67627,IUPUI
133,Malik Osborne,Rice,CUSA,29,67.9,95.2,20.2,46.5,50.02,9.2,17.4,6.6,18.9,65,105,0.619,67,134,0.5,22,81,0.272,3.4,1.2,48.8,Fr,8-Jun,13,0.858889,2018,51107,Florida St.
134,Trevon Ary-Turner,Weber St.,BSky,15,10.5,81.2,16.4,52.2,53.2,0,10.2,11.7,32.5,3,5,0.6,3,6,0.5,6,17,0.353,0,0.5,21.7,Fr,3-Jun,21,-0.304633,2018,50673,Dartmouth
135,Barret Benson,Northwestern,B10,32,24,93,16.5,41.9,45.34,9.8,26.6,7.3,16.4,18,32,0.563,23,55,0.418,2,7,0.286,3.5,1.5,51.6,Jr,10-Jun,25,0.226036,2019,47330,Southern Illinois
136,Rylan Bergersen,BYU,WCC,26,15.7,96.8,17.4,48,50.96,0.6,13.7,10.2,14.1,17,29,0.586,12,23,0.522,8,27,0.296,2.1,1.1,58,So,6-Jun,1,0.215024,2019,50770,Central Arkansas
137,DeAndre Dishman,Eastern Kentucky,OVC,28,66.8,108.3,21.6,56,58.62,9.3,16.9,8.6,17.3,87,137,0.635,116,206,0.563,0,1,0,2.9,2.1,66.2,So,6-Jun,2,2.1034,2018,45840,Middle Tennessee
138,Chase Johnson,Florida,SEC,2,0.8,107.5,23,75,55.3,19.8,20,0,0,0,3,0,3,4,0.75,0,0,0,10.2,0,75,So,9-Jun,1,0.560663,2019,51231,Dayton
139,Bryce Nze,Milwaukee,Horz,31,73.4,104.8,20.3,61.1,59.32,11.6,22.5,9.4,21.6,31,70,0.443,134,214,0.626,8,25,0.32,5.7,1.8,29.3,So,7-Jun,24,1.67791,2018,49273,Butler
140,Jake Toolson,Utah Valley,WAC,33,83.6,119.8,20.5,63.7,67.81,3.7,12.1,12.9,19.9,103,119,0.866,110,183,0.601,63,138,0.457,0.7,0.9,37.1,Jr,5-Jun,2,3.76764,2019,33955,BYU
141,Jevon Smith,Green Bay,Horz,14,8.7,94.6,20.6,45.7,52.82,4.2,12.4,13.3,24.3,13,16,0.813,10,22,0.455,4,13,0.308,0,1.3,45.7,Jr,5-Jun,24,0.281282,2019,44828,Jackson St.
142,Sedee Keita,St. John's,BE,22,21.5,87.5,11.6,40,43.12,4.5,12.8,5.4,17.7,11,20,0.55,18,44,0.409,0,1,0,8.2,1.9,44.4,So,9-Jun,0,-0.31433,2019,46310,FIU
143,Tyler Hamilton,Penn,Ivy,6,5.7,116.5,8.8,83.3,74.07,5,8.1,10.1,28.5,1,3,0.333,5,5,1,0,1,0,0,1.7,50,Sr,4-Jun,11,0.475004,2019,38767,William & Mary
144,Ryan Gomes,Mount St. Mary's,NEC,30,25.8,97,20.4,55.7,54.79,6.7,13.1,5.5,17.8,13,28,0.464,49,88,0.557,0,0,0,5,1.5,31.8,So,10-Jun,54,0.222135,2018,45478,Houston Baptist
145,Marten Linssen,Valparaiso,MVC,20,10.8,87.6,21.8,48.1,51.48,10.2,19.4,6.1,26.3,15,27,0.556,13,27,0.481,0,0,0,4.3,4,100,Fr,8-Jun,12,0.0812046,2018,50899,UNC Wilmington
146,Nic Thomas,Norfolk St.,MEAC,31,70,103.1,24,48.8,54.94,2.4,9.5,11.7,16.8,118,147,0.803,46,138,0.333,79,199,0.397,0.1,1.4,43.6,Jr,2-Jun,14,1.89242,2019,43103,Tulane
147,Ryan McAdoo,Florida Gulf Coast,ASun,12,1.6,43,22.6,20,28.99,0,16.1,0,36.1,2,4,0.5,1,4,0.25,0,1,0,0,2.7,80,Fr,5-Jun,20,-0.271606,2018,50633,North Carolina
148,Darius Beane,Southern Illinois,MVC,32,38.6,100.3,13.4,46.9,51.16,7.7,14.2,9.4,22.5,20,27,0.741,20,44,0.455,12,37,0.324,0.9,2.2,33.3,Fr,3-Jun,5,0.261591,2019,66117,Northern Illinois
149,Emmanuel Olojakpoke,Akron,MAC,29,24.5,81.6,11.4,59.5,54.39,6.7,10.3,0.6,33.4,4,15,0.267,22,37,0.595,0,0,0,8,1.3,40.5,Jr,8-Jun,22,-0.550785,2019,43837,Utah Valley
150,Ryan Woolridge,North Texas,CUSA,27,75.3,98.9,23.1,49.3,50.5,3.6,16.2,29.9,21.8,48,86,0.558,109,220,0.495,17,53,0.321,1.2,3.7,31.5,Jr,3-Jun,0,1.81157,2019,49686,Gonzaga
151,Zack Dawson,Oklahoma St.,B12,5,3.4,88.5,29.2,47.1,51.7,0,9,30.7,30.9,6,9,0.667,5,10,0.5,2,7,0.286,0,0,52.9,Fr,3-Jun,2,0.11931,2018,51466,South Florida
152,Jordan Campbell,Oregon St.,P12,6,1.7,112.3,25.9,68.8,67.04,5.9,10.8,23.7,21.8,1,2,0.5,4,5,0.8,1,3,0.333,0,2.8,25,Fr,3-Jun,0,0.417389,2019,66587,Fresno St.
153,Jair Bolden,George Washington,A10,32,79.2,92.5,22.1,44.5,46.57,1.4,9.8,18.6,19.3,42,62,0.677,76,183,0.415,55,173,0.318,0.9,1.4,17.4,So,4-Jun,3,0.937449,2018,44756,South Carolina
154,Josh Hall,Nevada,MWC,35,55.4,109.5,15.8,54.4,57.21,6,12.2,9.8,18.2,43,60,0.717,77,133,0.579,15,50,0.3,1.7,1.4,32.8,So,7-Jun,33,1.55833,2018,48492,Missouri St.
155,Javan White,Clemson,ACC,33,20.4,103,14.7,56,54.56,9.7,18.1,5.6,18.8,11,24,0.458,28,50,0.56,0,0,0,5.2,1.7,48,Sr,10-Jun,35,0.401358,2019,43556,UMKC
156,Harrison Henderson,USC,P12,11,1.8,54,19.7,20,20,9.2,18.2,0,11.4,0,0,0,2,8,0.25,0,2,0,0,0,0,So,10-Jun,3,-0.272764,2018,47675,Milwaukee
157,Darius Hicks,North Carolina St.,ACC,4,2.6,162.3,18.3,70,71.43,29.2,10.3,5.6,0,3,4,0.75,7,10,0.7,0,0,0,0,1.6,40,So,7-Jun,5,1.7627,2018,46265,Eastern Kentucky
158,Dimitrije Spasojevic,East Carolina,Amer,31,43.1,80.1,15.1,40,41,3.7,9.1,8.1,19.6,10,19,0.526,52,129,0.403,0,1,0,3.6,0.8,14.6,So,8-Jun,32,-0.628262,2019,51437,UMBC
159,Cam Christon,Boise St.,MWC,13,6.1,94.7,18.6,47.5,46.67,6.2,18.2,17.9,23.8,1,3,0.333,2,6,0.333,5,14,0.357,0,0.7,15,Fr,6-Jun,1,0.0919864,2018,50957,Grambling St.
160,Jalen Dupree,Murray St.,OVC,28,40.3,114,16.4,55.7,58.47,14,14.4,1.1,16.4,46,74,0.622,49,88,0.557,0,0,0,5.3,0.7,84.1,So,9-Jun,40,1.19364,2018,46052,Samford
161,Troy Baxter Jr.,Florida Gulf Coast,ASun,28,47.1,87.7,23.4,47.7,49.38,5.2,12,11.7,23.1,22,33,0.667,53,100,0.53,28,99,0.283,6.7,0.9,16.6,So,8-Jun,1,0.329973,2019,47601,Morgan St.
162,Chris Seeley,Utah,P12,20,10.6,88.4,26.1,43.5,44.81,10.1,28.2,10.9,16.8,14,30,0.467,20,43,0.465,0,3,0,6,0.4,65.2,Fr,8-Jun,11,0.258649,2018,46166,Fresno St.
163,James Bolden,West Virginia,B12,18,26.4,108,28.3,49.7,55.01,5.6,7.8,26.9,19.9,50,61,0.82,40,85,0.471,30,86,0.349,0.8,2.8,35.7,Jr,Jun-00,3,2.90511,2019,42142,Alabama
164,Casdon Jardine,Boise St.,MWC,17,5.6,100.3,19.4,31.8,38.23,20.1,9.9,2.4,8.2,5,6,0.833,4,7,0.571,2,15,0.133,0,0,27.3,So,7-Jun,22,0.179728,2018,51394,Utah Valley
165,Jahaad Proctor,High Point,BSth,29,85.7,112.7,27.9,51.5,56.04,2,11.1,22.2,13.9,120,154,0.779,141,268,0.526,51,154,0.331,1.1,2.1,36.5,Jr,3-Jun,13,3.99898,2019,46431,Purdue
166,Kain Harris,Kent St.,MAC,6,5,89,24.2,35.2,37.45,8.7,9.6,12.1,11.4,3,5,0.6,5,9,0.556,3,18,0.167,3.6,1.8,18.5,Jr,4-Jun,11,0.103768,2019,42495,Lamar
167,Justyn Mutts,High Point,BSth,25,47.5,94.8,18.3,50.5,52.15,7.4,16.2,13.9,25.5,25,43,0.581,55,108,0.509,0,1,0,6.6,2.9,39.4,Fr,7-Jun,5,0.170266,2018,50689,Delaware
168,Eli Wright,Mississippi St.,SEC,34,32.3,98.1,14.8,43.1,45.35,6.9,11.2,11.1,17.7,14,22,0.636,35,74,0.473,6,28,0.214,1.9,1.1,21.6,So,4-Jun,2,0.357556,2018,46091,St. John's
169,Reggie Jones,Western Michigan,MAC,31,59.8,93.1,26,44.2,47.96,3.9,14.8,17.7,20.1,51,65,0.785,70,161,0.435,37,123,0.301,1.6,2.2,22.9,So,6-Jun,23,0.898938,2018,45286,Tulsa
170,Alonzo Walker,Idaho St.,BSky,28,47.2,107.1,20.4,52.8,55.41,11.8,16.5,7.6,17.3,36,54,0.667,70,135,0.519,4,9,0.444,2.4,2,37.5,Jr,6-Jun,22,1.16782,2019,39345,Portland St.
171,Justin Gorham,Towson,CAA,30,57.4,111.2,21.6,54.4,57.84,11.5,21.6,6.6,18,68,98,0.694,107,191,0.56,3,14,0.214,1,0.9,47.8,So,7-Jun,4,1.86552,2018,48821,Houston
172,Sacha Killeya-Jones,Kentucky,SEC,34,31.4,108.5,13.2,58.4,58.62,11.1,12.5,3,21.2,22,39,0.564,45,76,0.592,0,1,0,4.7,0.9,50.6,So,10-Jun,1,0.779286,2018,45275,North Carolina St.
173,Nico Clareth,Siena,MAAC,15,30,96.5,32.1,46.3,52.18,2.7,12.5,17.4,20.9,52,60,0.867,38,100,0.38,33,89,0.371,2,1.8,31.7,Jr,5-Jun,25,1.8766,2018,43658,Nicholls St.
174,Koby McEwen,Utah St.,MWC,29,71.2,96.9,27.7,47.8,52.09,1.6,18.5,20.6,19.2,99,137,0.723,81,170,0.476,62,194,0.32,0.1,1.3,37.6,So,4-Jun,1,2.18495,2018,47904,Marquette
175,Mike Okauru,Florida,SEC,35,15.9,93.5,13.8,44.4,47.87,1.5,9.8,9.2,19.4,9,13,0.692,11,21,0.524,6,24,0.25,0.5,2.1,28.9,So,3-Jun,0,0.0929839,2019,51234,UNC Wilmington
176,Daniel Giddens,Alabama,SEC,14,8.4,73.9,22.4,35.7,36.94,12.7,12.3,9.7,26.6,7,18,0.389,10,27,0.37,0,1,0,6,0,64.3,Jr,11-Jun,4,-0.216889,2019,45589,Vermont
177,Brady Ernst,Florida Gulf Coast,ASun,25,35.3,105.2,14.8,59.7,59.71,11,17.3,10.1,25.3,25,44,0.568,37,62,0.597,0,0,0,3.5,0.9,71,Jr,10-Jun,21,0.644281,2019,40697,Drake
178,Aleksandar Dozic,Marist,MAAC,31,41.5,104.2,25.8,53.4,56.04,6.3,20.2,26.2,21,26,31,0.839,56,102,0.549,26,76,0.342,4.2,1.9,17.4,Jr,9-Jun,14,1.24853,2019,46899,Wright St.
179,Maciej Bender,West Virginia,B12,35,21.4,95.6,10.1,46.2,45.53,10.6,13.4,3.4,24.5,6,15,0.4,18,36,0.5,0,3,0,3.5,1.6,38.5,So,10-Jun,25,-0.0251143,2018,49481,Mercer
180,Jacob Young,Texas,B12,30,35.7,103.3,19.1,50,51.25,1.4,10.4,9,11.8,15,22,0.682,41,79,0.519,30,93,0.323,0.2,2.4,12.8,So,2-Jun,3,1.12813,2018,47191,Rutgers
181,Matt Freeman,Oklahoma,B12,32,26,96.1,15.6,50.5,51.35,2.3,11.6,5.7,16.7,5,7,0.714,11,27,0.407,25,69,0.362,3.1,1.5,7.3,Jr,10-Jun,5,0.424097,2019,47999,UC Santa Barbara
182,Brandon Boyd,Idaho St.,BSky,28,76.3,99,28.5,45.2,50.55,1.6,8.3,25.5,17.7,91,113,0.805,107,233,0.459,32,110,0.291,0,2,32.9,Jr,1-Jun,15,2.02968,2019,42031,Cal Baptist
183,Curtis Jones,Oklahoma St.,B12,23,39.4,95.3,21,43.8,45.19,2.5,13.2,9.8,7.9,18,29,0.621,27,75,0.36,38,117,0.325,0,1.2,15.1,Jr,4-Jun,1,1.38294,2019,46714,Penn St.
184,Decardo Day,Florida Gulf Coast,ASun,17,28.1,85.2,24.2,46,49.41,0.4,11,33.9,32.7,21,32,0.656,22,53,0.415,12,34,0.353,2,2.7,36.8,Jr,4-Jun,0,0.271619,2019,44332,Alabama St.
185,Jaevin Cumberland,Oakland,Horz,32,92.5,115.8,20.9,55.7,60.47,1.2,7.3,17.4,13.5,111,128,0.867,62,131,0.473,105,263,0.399,0.5,1.7,32.5,Jr,3-Jun,21,3.6798,2019,42631,Cincinnati
186,Dachon Burke,Robert Morris,NEC,32,78.8,102.6,28,50.7,52.81,6,13.9,19.2,16.5,98,156,0.628,166,328,0.506,44,130,0.338,1.7,3.6,34.1,So,4-Jun,11,2.33341,2018,46292,Nebraska
187,Corey Allen,Detroit,Horz,27,63.9,101.2,24.7,51,55.19,1.5,11.1,15.1,18.7,76,96,0.792,73,156,0.468,55,149,0.369,0.1,1.3,31.5,So,3-Jun,5,1.89924,2018,45896,Georgia St.
188,Myles Douglas,UCF,Amer,31,21.5,63.4,20.7,33.1,36.24,1.7,12,7,26.8,16,34,0.471,15,39,0.385,5,29,0.172,0.4,0.2,50,Fr,8-Jun,5,-0.697889,2018,50839,Saint Joseph's
189,Nolan Taylor,Pepperdine,WCC,14,23,105.4,22.5,48.5,50.43,9.4,14.1,9.8,9.2,23,40,0.575,46,90,0.511,1,8,0.125,1.7,0.6,40.8,So,7-Jun,31,1.53482,2018,45530,Cal Poly
190,Bobby Planutis,Mount St. Mary's,NEC,30,58.8,112.6,12.3,65.4,69.7,3.8,16.4,5.7,24.6,33,36,0.917,22,45,0.489,32,62,0.516,3,1.1,33.6,Fr,8-Jun,1,0.72297,2018,51329,St. Bonaventure
191,TJ Holyfield,Stephen F. Austin,Slnd,31,67.8,104.9,22.1,58.4,61.36,9.5,17,5.6,24.4,75,102,0.735,114,201,0.567,26,61,0.426,6.1,2,38.9,Jr,8-Jun,22,1.66815,2018,39779,Texas Tech
192,Denzel Mahoney,Southeast Missouri St.,OVC,29,78,118.4,26.9,54.2,61.11,5.8,14.6,8.5,11.6,165,200,0.825,101,206,0.49,61,149,0.409,0.5,1.7,56.3,So,4-Jun,34,4.32034,2018,48743,Creighton
193,Isaiah White,Maine,AE,30,80,92,23.4,47.6,49.63,1.9,11.9,11.4,15.9,43,59,0.729,104,204,0.51,51,175,0.291,3.1,2.5,15.6,Jr,5-Jun,14,0.9071,2019,52248,Portland
194,Jachai Simmons,New Mexico,MWC,24,24.4,103.4,13,50,50.13,4.6,9.8,7.5,13.1,4,8,0.5,16,34,0.471,14,40,0.35,1.6,2.6,10.8,Jr,7-Jun,11,0.359108,2018,50397,Mississippi Valley St.
195,Mason Faulkner,Northern Kentucky,Horz,30,42.3,104.6,19.3,53,57.37,1.7,10.1,21.4,23.9,30,34,0.882,25,49,0.51,30,83,0.361,0,2.6,25.8,So,1-Jun,11,0.867935,2018,49277,Western Carolina
196,P.J. Byrd,VCU,A10,33,22.6,71.1,15.5,32.4,43.2,1.5,4.7,20.5,43.4,17,22,0.773,6,18,0.333,4,19,0.211,0,1.2,59.5,Fr,1-Jun,24,-0.594615,2019,66116,Colorado St.
197,Chance Moore,Wichita St.,Amer,4,1.3,64.2,18.5,25,30.3,15.9,0,0,31.3,1,2,0.5,1,3,0.333,0,1,0,0,0,50,Fr,6-Jun,22,-0.414552,2019,66154,Washington St.
198,Duncan Demuth,Oklahoma St.,B12,32,21.9,74.8,11.7,30.9,33.04,9,8.1,3.2,21.6,9,24,0.375,9,31,0.29,1,3,0.333,1.7,1.1,70.6,Fr,8-Jun,5,-0.495573,2019,65588,Vermont
199,Dru Smith,Evansville,MVC,21,53,115.2,24.5,66.4,71.1,1.6,11.7,37.6,26,74,86,0.86,71,113,0.628,27,55,0.491,2.1,4,51.2,So,3-Jun,12,3.64856,2018,47581,Missouri
200,Chris Sodom,Georgetown,BE,6,2.2,83.9,11.6,50,50,13.1,20.5,0,35.4,0,0,0,2,4,0.5,0,0,0,12.2,0,0,Fr,3-Jul,12,-0.248377,2018,50510,George Washington
201,Lavar Batts Jr.,North Carolina St.,ACC,30,29.8,94.3,18.7,36.2,41.3,2.5,8.2,17.8,14.2,33,56,0.589,26,61,0.426,9,48,0.188,0.8,3.5,51.4,Fr,2-Jun,3,0.386811,2018,50254,UNC Asheville
202,Baylee Steele,Utah Valley,WAC,33,51,121.9,20,61.4,66.31,13.3,26.3,6.1,17.8,88,115,0.765,94,152,0.618,2,6,0.333,2.2,0.8,72.8,Jr,11-Jun,44,2.3915,2019,44943,Duquesne
203,Michael Carter III,Washington,P12,17,9.4,76.3,14.3,30.4,34.59,2.8,6.3,9,18.4,5,8,0.625,4,15,0.267,3,13,0.231,2.5,1.8,28.6,Fr,4-Jun,14,-0.403242,2018,52289,South Dakota St.
204,Ty Lazenby,Oklahoma,B12,26,10.1,67.8,10.3,35,35.8,3.3,9.2,4.4,30.9,1,2,0.5,4,11,0.364,2,9,0.222,0,2,10,Jr,5-Jun,14,-0.468971,2018,51465,Oral Roberts
205,Matt Ryan,Vanderbilt,SEC,29,56.2,98.8,17.1,48.2,50.17,1.9,10.3,8,14.5,24,32,0.75,17,39,0.436,59,180,0.328,0.6,0.8,14.6,Jr,8-Jun,32,1.07037,2019,43874,Chattanooga
206,Andre Jones,Little Rock,SB,21,52.5,88.2,27.8,41.6,44.3,4.5,14.3,18.9,16.2,40,60,0.667,96,208,0.462,12,66,0.182,0.6,0.8,21.9,So,4-Jun,1,0.872591,2018,46583,Nicholls St.
207,JaQuan Lyle,Ohio St.,B10,31,70.7,106.8,22.6,52.1,55.98,1.3,10.2,30.6,21,78,108,0.722,88,183,0.481,33,81,0.407,0.3,2.1,40.9,So,5-Jun,13,2.90717,2017,42008,New Mexico
208,Nick Rutherford,Monmouth,MAAC,35,60.9,84.8,16.5,40.5,47.38,2.2,19.6,19,29,53,68,0.779,53,126,0.421,9,38,0.237,2.5,4.1,41.5,Jr,3-Jun,5,-0.689551,2019,38945,St. John's
209,James Scott,Kennesaw St.,ASun,27,77.3,97.6,28.2,48.8,51.73,2.1,6.6,14.8,16.7,65,82,0.793,129,276,0.467,52,148,0.351,0.6,3.2,19.3,So,5-Jun,3,1.8865,2018,45828,Temple
210,Jermaine Bishop,Saint Louis,A10,9,21.8,84.3,27.1,43.3,46.18,0.4,10.2,36.6,24.7,13,16,0.813,23,64,0.359,15,41,0.366,1.2,3.4,15.2,So,1-Jun,11,0.597862,2017,40194,Norfolk St.
211,Jayce Johnson,Utah,P12,29,51,107.1,18.4,59.7,55.86,14,27.5,4.6,17,34,85,0.4,86,144,0.597,0,0,0,5.6,0.7,59,Jr,Jul-00,34,1.63867,2019,43746,Marquette
212,Tyler Foster,East Carolina,Amer,30,40.9,77.3,17.5,38.5,41.35,1.7,8.2,10,21.7,24,42,0.571,38,87,0.437,8,43,0.186,1.1,2.9,32.3,Fr,5-Jun,5,-0.609549,2019,66553,Youngstown St.
213,Tommy McCarthy,Harvard,Ivy,7,1.1,0,24.5,0,0,0,0,0,36.6,0,0,0,0,1,0,0,4,0,0,0,0,Sr,Jun-00,3,-0.566649,2019,42837,Rice
214,Vante Hendrix,Utah,P12,4,5.7,124.7,19.7,60,65.13,3.4,16.5,16.3,16.8,7,8,0.875,3,3,1,6,17,0.353,0,0.8,40,Fr,5-Jun,14,2.09015,2019,66641,New Mexico
215,DeShaun Wade,East Carolina,Amer,22,17.7,75.2,16.2,36,39.27,2,9.5,15.1,26.9,7,10,0.7,3,8,0.375,10,42,0.238,0.5,0.8,20,Fr,2-Jun,22,-0.489234,2019,66039,Longwood
216,John Walker III,Texas A&M,SEC,30,31.2,91.1,16.2,50,52.77,7.1,12.1,7.8,28.4,26,44,0.591,25,48,0.521,7,23,0.304,2,2,62,Fr,9-Jun,24,0.181096,2019,66387,Texas Southern
217,Bryce Moore,Western Michigan,MAC,31,81.4,113.9,15,55.5,57.56,1,9.2,8.9,12.1,52,77,0.675,35,78,0.449,67,166,0.404,0.3,2.2,31.6,Jr,2-Jun,0,1.89665,2018,42750,Xavier
218,Jack Ballantyne,Detroit,Horz,23,22.7,75.3,13.1,32.7,37.89,2.7,13,10.2,26.9,9,10,0.9,5,17,0.294,8,35,0.229,0.4,0.4,19.2,Fr,9-Jun,13,-0.836762,2018,50598,LIU Brooklyn
219,Moustapha Diagne,Western Kentucky,CUSA,13,7,60.1,8.4,14.7,14.71,6.2,14.8,3.5,0,0,0,0,1,6,0.167,1,11,0.091,2.4,0.6,0,Jr,9-Jun,12,-0.93844,2019,51543,La Salle
220,Kalob Ledoux,McNeese St.,Slnd,24,73.5,99.4,24,52,54.68,2.2,12,6.4,19.1,46,57,0.807,78,164,0.476,53,139,0.381,0.2,0.9,18.8,So,3-Jun,1,1.58846,2018,48379,Louisiana Tech
221,Jordan Jones,Charleston Southern,BSth,27,38,108.4,16.2,70.4,68.78,10.6,15.8,2.4,27.3,31,51,0.608,50,71,0.704,0,0,0,10.8,1.2,71.8,So,8-Jun,13,0.638907,2018,46794,Marist
222,Daouda N'Diaye,Illinois St.,MVC,20,27.6,110.8,12.6,53,55.59,8.3,15.7,4.4,13.9,15,22,0.682,35,65,0.538,0,1,0,7.9,1.8,33.3,Jr,Jul-00,4,0.955489,2018,42192,Southern Utah
223,Dennis Ashley,Maine,AE,23,21.7,102.6,18.2,54.7,57.84,1.8,6.2,11.4,18.5,13,15,0.867,11,25,0.44,20,50,0.4,0,1.4,20,Jr,1-Jun,32,0.524446,2019,43986,Saint Joseph's
224,Brandonn Kamga,High Point,BSth,22,55,102.1,24.9,49.4,51.31,4.7,16.1,13.2,15.4,39,60,0.65,79,160,0.494,32,97,0.33,2.3,2.2,23.3,Jr,5-Jun,1,1.87111,2019,43612,Cal St. Fullerton
225,Nick Robinson,Saint Joseph's,A10,31,62.3,107.9,16.9,50.9,56.61,4.4,16.9,17.7,19,61,76,0.803,65,129,0.504,16,46,0.348,1.8,2.1,43.4,So,6-Jun,5,1.49632,2018,45304,Valparaiso
226,Nedeljko Prijovic,Texas St.,SB,29,39.4,105,14.7,50.5,52.38,6.9,16.7,10.1,17.1,15,22,0.682,40,75,0.533,9,31,0.29,2.2,0.5,20.8,So,8-Jun,55,0.524318,2018,44326,Maine
227,Andrew Gordon,West Virginia,B12,34,16.4,72.3,24.3,42.3,45.16,9.9,17.4,4.3,35.3,17,30,0.567,30,71,0.423,0,0,0,5,1.4,42.3,So,9-Jun,12,-0.135679,2019,67955,Louisiana Tech
228,Jordan Shepherd,Oklahoma,B12,31,27.2,92.7,13.5,44.6,51.25,0.6,5.7,15.6,28.6,22,30,0.733,16,37,0.432,6,19,0.316,1.1,1.9,53.6,So,2-Jun,13,0.0421838,2018,48004,Charlotte
229,Romani Hansen,Savannah St.,MEAC,30,57.3,99,20.8,50.4,53.77,6.7,16.6,7.7,19,65,98,0.663,79,143,0.552,23,82,0.28,4,1.3,43.6,Jr,8-Jun,5,0.835868,2019,68260,Albany
230,Dedric Boyd,Eastern Kentucky,OVC,22,50.9,86.7,29.2,40.8,46.26,2.4,10.9,11.5,18.7,62,75,0.827,61,154,0.396,32,113,0.283,0.4,1.9,28.1,Fr,4-Jun,20,0.732579,2018,51323,Illinois St.
231,Antwan Walker,Georgetown,BE,25,14.8,110.2,17.9,51,57.02,12.9,15.8,6.3,18.7,14,15,0.933,22,44,0.5,2,5,0.4,1.8,2.1,30.6,Fr,9-Jun,5,0.554178,2018,51244,Rhode Island
232,Malachi Flynn,Washington St.,P12,31,82.8,111.4,25.3,51.1,55.39,2.5,9.4,26.3,14.5,88,104,0.846,85,164,0.518,77,228,0.338,0.2,2.7,26.5,So,1-Jun,22,3.97632,2018,44865,San Diego St.
233,Virshon Cotton,Akron,MAC,29,47.4,93.7,21.9,48.2,53.75,0.8,11.2,16.8,25.3,56,74,0.757,23,65,0.354,37,98,0.378,0,2,45.4,Fr,1-Jun,11,0.526131,2018,52022,LIU Brooklyn
234,Obi Momah,Marist,MAAC,26,12.2,102.2,25.1,48,54.19,12,23,8.7,17.4,20,27,0.741,22,48,0.458,1,1,1,2.6,0.7,55.1,Jr,7-Jun,15,0.441857,2017,34338,Norfolk St.
235,Jemarl Baker,Kentucky,SEC,28,17,98.7,14.3,43.4,46.97,0.5,6.2,8.2,16.5,11,15,0.733,7,19,0.368,13,42,0.31,0.9,0.9,24.6,Fr,4-Jun,13,0.336371,2019,66618,Arizona
236,George Willborn III,UTSA,CUSA,32,41.2,100.3,24.9,48.9,51.46,9.1,15.5,13.2,16.6,60,104,0.577,71,143,0.497,10,33,0.303,1,2.1,59.1,So,3-Jun,35,1.09661,2018,44754,UC Riverside
237,Vincent Eze,Maine,AE,31,48.1,88.6,24.3,43.3,47.09,11.4,15.8,13,21.7,41,60,0.683,79,184,0.429,1,2,0.5,3.5,3.1,32.3,Jr,8-Jun,50,0.363109,2019,38829,Fairfield
238,MaCio Teague,UNC Asheville,BSth,32,88.7,110.2,23,53.3,57.92,1.8,12.6,14,13.8,105,121,0.868,79,196,0.403,94,217,0.433,0.3,2.5,29.3,So,3-Jun,25,3.08867,2018,48732,Baylor
239,Emmanuel Akot,Arizona,P12,17,25.5,87.2,13.8,43.9,43.76,3.1,14.3,10.2,19.4,6,15,0.4,20,45,0.444,6,21,0.286,0.7,0.7,22.7,So,7-Jun,24,-0.368997,2019,50224,Boise St.
240,Jamir Harris,Minnesota,B10,28,30.4,95.6,14.7,48.1,48.37,1.3,5.5,7.7,14.6,6,12,0.5,10,27,0.37,28,81,0.346,0.3,1,11.1,Fr,2-Jun,4,0.187799,2018,52257,American
241,Ike Obiagu,Florida St.,ACC,34,25.6,88.2,14.1,57.9,51.97,10.4,16,0.9,26.9,12,38,0.316,33,57,0.579,0,0,0,20.9,1.1,66.7,Fr,Jul-00,12,-0.109579,2018,50571,Seton Hall
242,Derryck Thornton,USC,P12,32,66.3,93.4,20,41.8,44.36,1.6,9.2,26.4,20.3,35,53,0.66,78,188,0.415,18,63,0.286,0.5,2.5,21.1,Jr,3-Jun,5,0.962711,2019,40142,Boston College
243,Dujuanta Weaver,Eastern Kentucky,OVC,28,71.8,101.4,15.8,50.4,51.24,1.8,8.3,13.1,15.4,20,32,0.625,15,39,0.385,77,220,0.35,0.1,2,12.4,Jr,10-May,0,0.793527,2019,42812,Saint Louis
244,Aaron Menzies,Seattle,WAC,31,67.3,119.6,19,58.3,60.31,14.3,21.5,4.6,13.2,76,117,0.65,127,218,0.583,0,0,0,8.8,0.5,53.7,Jr,3-Jul,41,2.78978,2018,38546,Saint Mary's
245,Yagizhan Selcuk,Towson,CAA,5,1.7,94.2,21.6,28.6,41.54,5.3,11,8.8,13.2,3,3,1,2,6,0.333,0,1,0,0,0,42.9,Fr,8-Jun,10,0.180916,2019,65707,Montana
246,Parker Stewart,Pittsburgh,ACC,32,65,110.4,16.7,53.4,56.23,2.3,11.7,8.3,8.2,40,50,0.8,19,51,0.373,71,184,0.386,0.6,1,21.3,Fr,5-Jun,1,2.03295,2018,50250,Tennessee Martin
247,Max Hazzard,UC Irvine,BW,36,65.4,115.5,23,53.7,55.96,2.1,6.3,16,12.5,52,66,0.788,66,142,0.465,91,235,0.387,0.1,1.5,17.5,Jr,Jun-00,2,2.9039,2019,39718,Arizona
248,Andrien White,Charlotte,CUSA,24,59,106,26.6,50.2,55.96,4.4,16.5,10.8,14.8,93,116,0.802,73,141,0.518,42,130,0.323,0.9,3.4,42.8,Jr,3-Jun,2,2.6299,2018,42556,Wake Forest
249,Kareem South,Texas A&M Corpus Chris,Slnd,28,82.8,105.3,22.3,46.6,50.74,6.4,12.3,13.8,13,67,81,0.827,89,208,0.428,45,128,0.352,0.3,2.4,24.1,Jr,2-Jun,11,2.18111,2019,39316,California
250,Brandon Morley,Utah,P12,16,8.4,97.1,23.6,47.1,48.54,16.1,14.5,3.6,18.9,7,13,0.538,7,16,0.438,6,18,0.333,1,1.1,38.2,Jr,Jul-00,31,0.411678,2019,66470,Utah Valley
251,Jakolby Long,Iowa St.,B12,22,16.7,96.2,12.4,46.3,46.8,2.6,12.5,10.6,17.8,4,8,0.5,5,19,0.263,9,21,0.429,0,1.1,20,So,4-Jun,13,0.135975,2018,45184,Southern Utah
252,Markus Golder,Valparaiso,MVC,29,57.3,100.1,20.2,46.4,50.3,6,12.1,7.4,13,46,60,0.767,70,144,0.486,22,78,0.282,1.1,1.8,27,Jr,6-Jun,5,1.24629,2019,51291,Portland St.
253,Greg Eboigbodin,Illinois,B10,29,24.8,104.9,12.3,56.3,54.33,11.1,17,4.5,20.9,9,21,0.429,27,48,0.563,0,0,0,4.2,1.6,43.8,Fr,9-Jun,11,0.382089,2018,51869,Northeastern
254,Kameron McGusty,Oklahoma,B12,32,45.7,103.5,18.8,50.2,53.42,2.2,8.5,3.2,12.2,42,56,0.75,56,111,0.505,34,102,0.333,0.2,1,26.3,So,5-Jun,20,1.27,2018,47998,Miami FL
255,Malik Ellison,Pittsburgh,ACC,31,48.9,88.6,18.9,45.5,47.59,6.3,13.3,11.7,23.6,40,74,0.541,66,139,0.475,3,16,0.188,1.8,1.8,47.7,Jr,6-Jun,3,0.288537,2019,41697,Hartford
256,Kashaun Hicks,Central Connecticut,NEC,27,37.9,83.8,18.1,42.7,46.59,5.4,12.1,6.7,25.6,24,35,0.686,29,63,0.46,12,47,0.255,1.7,1.5,31.8,So,6-Jun,2,-0.440598,2019,49451,Norfolk St.
257,Lorenzo Jenkins,Colorado St.,MWC,10,14.5,104.1,18,50.9,53.57,4.1,10.2,6,12.5,7,8,0.875,7,20,0.35,14,35,0.4,1.9,1.9,14.5,Jr,7-Jun,13,0.826791,2019,49287,Grand Canyon
258,Troy Holston,Saint Joseph's,A10,27,17.8,90.1,19.3,47,47.47,2.3,7.8,3.6,11.5,4,7,0.571,10,22,0.455,19,60,0.317,1.5,1.5,8.5,Sr,4-Jun,10,0.166465,2019,37479,Morgan St.
259,Marcus Carr,Pittsburgh,ACC,32,71,94.2,24.4,46.3,51.65,1,9.9,34.4,23.8,72,88,0.818,70,160,0.438,36,108,0.333,0.5,1.3,32.8,Fr,1-Jun,5,1.58511,2018,50253,Minnesota
260,Deng Geu,North Dakota St.,Sum,33,44.9,104.4,28.7,54.6,58.73,9.1,21.7,7.6,18.6,69,91,0.758,97,176,0.551,15,43,0.349,4.3,0.8,41.6,Jr,8-Jun,23,1.6525,2019,43562,North Texas
261,Jaron Faulds,Columbia,Ivy,25,34.6,105.6,16.5,59.3,57.78,9.7,15.5,5.1,19.8,10,23,0.435,51,86,0.593,0,0,0,8.3,1.2,26.7,Fr,10-Jun,44,0.636067,2018,50446,Michigan
262,Teddy Allen,West Virginia,B12,35,28.1,106.1,29.1,47.4,52.36,11.1,14.7,9.5,15.3,59,80,0.738,88,170,0.518,3,25,0.12,0,1.8,41,Fr,5-Jun,13,1.51828,2018,51868,Wichita St.
263,Khameron Davis,Pittsburgh,ACC,26,25.4,101.6,10.5,50,54.16,2,16.7,5.1,19.7,16,23,0.696,7,12,0.583,12,38,0.316,1.7,2.9,46,So,4-Jun,13,0.176134,2019,50252,Weber St.
264,Elias Harden,Xavier,BE,29,23.9,88.5,14.7,50.7,52.17,0.4,7,6.2,26.2,12,20,0.6,9,20,0.45,18,51,0.353,1,1.2,28.2,So,5-Jun,4,-0.0792637,2019,50705,Jacksonville St.
265,Eron Gordon,Seton Hall,BE,30,18,100.4,11.9,52.6,50.97,2.3,8.5,14.6,22.9,6,15,0.4,11,21,0.524,6,17,0.353,0,0.9,39.5,So,3-Jun,4,0.17049,2018,45571,Valparaiso
266,Te'Jon Lucas,Illinois,B10,28,47.8,97.4,18.2,52,53.76,2.2,11.3,26.6,28.7,30,50,0.6,58,109,0.532,5,17,0.294,0.6,2.7,39.7,So,1-Jun,3,0.902887,2018,49478,Milwaukee
267,Melo Eggleston,Wake Forest,ACC,21,8.5,87.8,14.6,35,40.11,6.4,19.9,6.6,14.9,7,13,0.538,7,17,0.412,0,3,0,2.3,1.6,65,Fr,8-Jun,11,-0.05019,2018,50372,Arkansas St.
268,Bryce Barnes,Milwaukee,Horz,24,52.8,81.5,18.4,38.7,43.26,2.3,8.3,18.6,26.8,33,49,0.673,37,106,0.349,12,36,0.333,0.6,1.8,34.5,Jr,11-May,0,-0.700034,2019,46172,William & Mary
269,Davion Mitchell,Auburn,SEC,34,42.8,99.6,13.5,50,52.62,1.7,5.7,18.4,26.3,21,31,0.677,30,53,0.566,15,52,0.288,0.2,1.7,29.5,Fr,1-Jun,10,0.38365,2018,51367,Baylor
270,Cameron Allen,Loyola Marymount,WCC,5,4.1,66.3,26,19.6,25.62,0,2.5,22.3,9,4,5,0.8,3,13,0.231,1,10,0.1,0,0,21.7,Jr,2-Jun,3,-0.608749,2019,50487,Cal St. Bakersfield
271,Johncarlos Reyes,Boston College,ACC,29,14.2,102.1,15.6,61.9,59.89,7.9,9.6,0,20.8,4,10,0.4,26,42,0.619,0,0,0,2.5,0.7,23.8,Jr,10-Jun,12,0.285321,2019,43559,Nevada
272,John Sally Jr.,Youngstown St.,Horz,14,9.1,119.5,10.4,68.4,67.67,5.7,10.9,3.3,20,1,2,0.5,13,19,0.684,0,0,0,6.1,1.6,10.5,Fr,11-Jun,50,0.438805,2019,66665,Alabama A&M
273,Joe Hugley,Central Connecticut,NEC,23,41.2,109.7,25.9,48.7,57.03,7.1,18.5,1.9,14.1,86,101,0.851,49,100,0.49,28,87,0.322,2.9,1.1,54,Jr,7-Jun,21,2.00568,2019,51537,East Tennessee St.
274,Lewis Djonkam,VCU,A10,20,5.2,83.7,15.7,36.4,41.92,8.2,4.9,4.6,20.7,6,12,0.5,4,11,0.364,0,0,0,4.6,1.6,109.1,Fr,9-Jun,22,-0.102406,2018,51000,Radford
275,Mohamed Thiam,New Mexico St.,WAC,23,19,99.3,22.9,50,50.45,14.4,23.4,3.7,21.5,8,15,0.533,20,34,0.588,17,57,0.298,2.4,1.9,16.5,Jr,9-Jun,23,0.527407,2019,67496,Iona
276,Devin Gage,DePaul,BE,33,68.2,96,19.8,42.8,47.3,2.1,9.4,22.6,22.2,60,78,0.769,100,228,0.439,13,51,0.255,0.5,2.5,28,So,2-Jun,3,1.20294,2019,49193,Marshall
277,Brian Patrick,Kansas St.,B12,26,13.7,93.7,13.6,42.6,43.8,3.1,6.5,8.8,13,2,2,1,5,7,0.714,10,40,0.25,0,1.5,4.3,So,5-Jun,11,0.00398738,2018,48002,Fort Wayne
278,Knox Hellums,Pepperdine,WCC,26,28.7,118.5,13.3,56.9,58.14,1.6,11.6,7.5,7.4,11,16,0.688,12,23,0.522,25,64,0.391,0.7,1.5,18.4,So,5-Jun,21,0.972992,2018,45532,UTSA
279,Miles Lester,Rice,CUSA,27,27.8,88.5,17.9,46.5,49.29,1.3,10.4,26.2,30.5,11,15,0.733,5,22,0.227,19,50,0.38,0,0.9,20.8,Fr,Jun-00,11,-0.0156554,2018,52120,Wake Forest
280,Myles Hanson,Columbia,Ivy,18,18.5,95.6,17.4,42.9,45.12,4.5,20.1,6.3,11.7,5,5,1,9,21,0.429,12,42,0.286,1.9,1.5,7.9,Fr,6-Jun,31,0.15783,2018,50448,Xavier
281,Trey Doomes,West Virginia,B12,12,3.2,103,29.7,38.9,48.96,11.2,15.1,9.4,12.2,12,18,0.667,7,18,0.389,0,0,0,0,3.6,100,Fr,3-Jun,0,0.529024,2019,66228,Chattanooga
282,Jaire Grayer,George Mason,A10,8,11.7,107.1,23.7,55.9,57.85,7.6,11.1,11.9,19.1,13,20,0.65,6,14,0.429,15,37,0.405,2.2,0.8,39.2,Sr,5-Jun,5,1.87655,2019,41936,TCU
283,Rashawn Fredericks,Cincinnati,Amer,35,25.5,101.7,14.5,40.7,44.75,9.5,16.7,4.1,14.3,15,20,0.75,21,47,0.447,8,34,0.235,1.8,1.7,24.7,Jr,5-Jun,10,0.362802,2019,66071,UAB
284,Matt Hauser,Santa Clara,WCC,21,59.8,97.7,17.5,49.7,50.76,0.5,11.7,19.5,16.8,12,17,0.706,30,69,0.435,41,115,0.357,0,2,9.2,Jr,1-Jun,12,0.740468,2018,41254,Portland St.
285,Justin Moore,Georgia Tech,ACC,8,8.6,35.9,16.8,16.7,17.59,0,7.6,16.3,45.6,1,4,0.25,3,14,0.214,0,4,0,0,2.2,22.2,So,4-Jun,0,-2.51559,2018,48423,Pacific
286,Jordan Andrews,South Alabama,SB,22,21.2,97.1,15.6,46.2,46.66,0.9,8.6,11.2,10.9,3,5,0.6,9,21,0.429,18,57,0.316,0.4,0.8,6.4,Jr,5-Jun,25,0.150597,2019,42443,Texas Southern
287,Kamar McKnight,Tennessee St.,OVC,27,71,86.3,24.1,40.2,44.6,2.8,8.8,12.5,19.1,68,98,0.694,79,179,0.441,28,122,0.23,0.3,1.6,32.6,Jr,4-Jun,11,0.296864,2019,50207,Coppin St.
288,Zach Sellers,Savannah St.,MEAC,30,84.9,102.5,19.3,48.1,51.68,3.4,7.1,23,19.6,61,78,0.782,81,157,0.516,48,161,0.298,0.3,2,24.5,Jr,1-Jun,3,1.40982,2019,48051,South Carolina St.
289,Dylan Painter,Villanova,BE,2,0.8,124.6,28,66.7,51.02,32.4,32.4,21.4,0,1,4,0.25,2,3,0.667,0,0,0,21.8,0,133.3,So,11-Jun,42,0.776998,2019,47566,Delaware
290,Yuat Alok,TCU,B12,10,8.7,73.5,18,43.3,48.14,3.6,18,2.7,34.2,7,9,0.778,13,30,0.433,0,0,0,2.4,0,30,Jr,11-Jun,35,-0.709148,2019,65618,UCF
291,Payton Dastrup,BYU,WCC,32,17.8,104.2,22,60.7,61.92,5.2,23,11.2,21.2,16,24,0.667,26,45,0.578,13,30,0.433,6.5,2.3,32,So,10-Jun,15,0.51721,2018,45692,Oregon St.
292,Andy Van Vliet,Wisconsin,B10,17,9.9,119.8,19.9,61.5,63.53,4.8,18.6,5,12.1,10,14,0.714,6,16,0.375,12,23,0.522,2.5,0.5,35.9,Jr,Jul-00,11,0.981597,2018,44033,William & Mary
293,Christion Thompson,Rhode Island,A10,33,64.3,99.6,13.7,40.8,46.63,4.7,11.1,9.3,14.9,52,73,0.712,28,62,0.452,27,106,0.255,2.9,2.9,43.5,Jr,4-Jun,25,0.5538,2019,41829,Tulane
294,Zeke Moore,Tulsa,Amer,14,11.4,93.3,14.9,43.2,46.27,4.1,10,6.7,13.1,4,4,1,10,20,0.5,4,17,0.235,0.8,1.2,10.8,So,7-Jun,23,0.0197453,2019,68247,SIU Edwardsville
295,Anthony Mathis,New Mexico,MWC,31,78.1,113.5,19.5,56,60.76,1.5,6.3,13.6,17.1,87,98,0.888,28,71,0.394,100,247,0.405,0.5,1.9,30.8,Sr,3-Jun,32,2.97848,2019,42369,Oregon
296,Bakari Evelyn,Valparaiso,MVC,31,71.6,84.9,20.3,42.4,45.29,1.4,8.3,14.6,21.4,36,48,0.75,39,109,0.358,48,153,0.314,0.4,1.2,18.3,Jr,2-Jun,4,-0.0623671,2019,39476,Iowa
297,Unique McLean,Massachusetts,A10,23,31,108,11.6,52.9,58.31,6.8,16.4,13,26.6,16,19,0.842,27,49,0.551,0,2,0,0.8,1.2,37.3,So,2-Jun,4,0.611367,2019,47427,St. Francis NY
298,Jordan Dallas,Weber St.,BSky,3,0.8,85.7,18.7,100,100,12,21,17.5,58.7,0,0,0,1,1,1,0,0,0,0,0,0,Jr,10-Jun,3,-0.101969,2019,40601,Seattle
299,A.J. Lawson,North Texas,CUSA,35,60.5,89.2,24,43.2,45.06,5.3,15.5,16.2,19.8,57,108,0.528,110,246,0.447,12,50,0.24,1.5,1.8,36.5,So,5-Jun,1,0.622164,2018,48780,McNeese St.
300,Schnider Herard,Mississippi St.,SEC,10,5.3,57,18.6,30.8,33.69,12.4,14.5,0,40.7,3,7,0.429,4,13,0.308,0,0,0,8.8,0,53.8,So,10-Jun,NA,-0.852317,2018,46086,Maryland
301,Quentin Grimes,Kansas,B12,36,67.9,93.6,18.2,48.2,49.58,2,7.6,12.7,21.6,35,58,0.603,52,117,0.444,54,159,0.34,0.7,1.3,21,Fr,5-Jun,5,1.07881,2019,65580,Houston
302,Anthony Oliver II,Clemson,ACC,19,9.7,105.5,16.2,44.3,49.72,4.5,16.9,6.5,10.7,9,11,0.818,2,9,0.222,9,26,0.346,0,2.6,31.4,Fr,5-Jun,21,0.392652,2018,50911,Old Dominion
303,Justin Thomas,Northern Illinois,MAC,31,69.1,104,13.1,49.3,51.82,1.9,10.4,12.8,17,35,56,0.625,48,99,0.485,17,50,0.34,0.4,2.9,37.6,So,11-May,5,0.508348,2018,49505,Morehead St.
304,De'Monte Buckingham,Richmond,A10,30,73.4,102.9,23.6,50.2,55.53,6.2,21.8,20.6,20.8,91,117,0.778,85,166,0.512,35,108,0.324,1.3,1.9,42.7,So,4-Jun,11,2.40195,2018,45310,Cal St. Bakersfield
305,Willy Nunez Jr.,FIU,CUSA,29,49.8,99.4,18.4,46.7,49.4,1.5,10.1,6.3,9.6,31,40,0.775,13,32,0.406,63,198,0.318,0.2,1.1,17.4,Sr,6-Jun,20,0.863627,2019,50656,Rider
306,Cameron Bacote,Maryland Eastern Shore,MEAC,30,64.5,85,15.9,42,43.24,1.2,6.1,13.9,19.3,11,15,0.733,32,73,0.438,35,128,0.273,0,0.9,7.5,Fr,3-Jun,2,-0.934922,2018,51897,Indiana St.
307,Lamar Hamrick,Detroit,Horz,27,35.7,102.5,18.1,51,53.42,5.8,14.5,13.4,20.7,27,43,0.628,40,73,0.548,9,32,0.281,1.3,4.1,41,Jr,4-Jun,21,0.741866,2019,67513,Portland St.
308,Bryson Williams,Fresno St.,MWC,30,72.2,109.1,22.8,57.9,58.43,7.6,18.4,8.5,15.7,51,86,0.593,171,294,0.582,1,4,0.25,2.7,1,28.9,So,8-Jun,11,2.60611,2018,48515,UTEP
309,Tamir Bynum,UTSA,CUSA,6,4.1,39.1,20.5,11.8,18.52,0,6.9,3.4,17.1,3,4,0.75,2,13,0.154,0,4,0,0,0,23.5,Fr,Jun-00,4,-1.23205,2019,65520,Prairie View A&M
310,Scott Spencer,Clemson,ACC,19,10.4,70.7,14.4,28.8,29.3,2.5,6.8,6,8.4,1,2,0.5,7,17,0.412,3,23,0.13,0.8,0.4,5,So,6-Jun,22,-0.567862,2018,45562,La Salle
311,Omer Yurtseven,North Carolina St.,ACC,33,59.3,120.2,23,60.6,60.96,12.8,19.4,3.9,11.6,49,80,0.613,165,283,0.583,22,44,0.5,7.6,1.1,24.5,So,Jul-00,14,3.47227,2018,48219,Georgetown
312,Matt Milon,William & Mary,CAA,29,69.8,106.7,19.9,59,60.35,1.3,11.3,8.3,15.4,38,53,0.717,41,72,0.569,86,216,0.398,0.3,1,18.4,Jr,5-Jun,2,1.68194,2019,48091,UCF
313,Keith Stone,Florida,SEC,17,22.4,92.9,20.7,47.7,50.16,7.6,16.9,6.3,22.1,20,33,0.606,19,50,0.38,15,37,0.405,3.4,2.7,37.9,Jr,8-Jun,25,0.777036,2019,41007,Miami FL
314,Admon Gilder,Texas A&M,SEC,30,68.5,113.9,17.8,54.3,58.38,2.2,11,14.2,16.7,69,84,0.821,80,158,0.506,47,119,0.395,0.5,2.2,30.3,Jr,4-Jun,3,3.15927,2018,43661,Gonzaga
315,Dexter McClanahan,Savannah St.,MEAC,30,73.7,102.5,22.3,48.4,52.29,3.4,10.9,11.5,13.5,92,126,0.73,91,167,0.545,62,213,0.291,0.5,1.9,33.2,Jr,5-Jun,22,1.57719,2018,39015,Nicholls St.
316,Angus McWilliam,TCU,B12,2,0.4,69.1,23.7,0,0,58.9,0,0,40.5,0,0,0,0,1,0,0,0,0,0,0,0,Fr,10-Jun,23,-0.166214,2019,66616,UC Riverside
317,James Lewis Jr.,Chattanooga,SC,25,52,95.2,17.7,50.8,55.56,9.5,15.3,5.4,26.1,56,85,0.659,60,118,0.508,0,0,0,1,0.6,72,Fr,5-Jun,10,0.316156,2018,52269,Appalachian St.
318,Alex Tostado,Maryland,B10,7,1.1,124.4,14.1,33.3,50.63,0,0,12.8,0,2,2,1,1,2,0.5,0,1,0,0,0,66.7,Fr,2-Jun,25,0.18823,2018,52318,Chattanooga
319,Matej Kavas,Seattle,WAC,22,39.7,121.7,18.1,61.1,62.77,2.8,20.3,6,11,28,38,0.737,35,72,0.486,41,86,0.477,0.2,0.7,24.1,Jr,8-Jun,5,2.23341,2019,39296,Nebraska
320,KJ Feagin,Santa Clara,WCC,29,87.4,104.7,28.7,50.5,53.77,1.4,6.9,31.6,14.4,71,83,0.855,131,276,0.475,58,156,0.372,0.2,1.5,19.2,Jr,1-Jun,10,3.35804,2018,41257,San Diego St.
321,Chris McNeal,New Mexico,MWC,33,60.8,96.3,21.6,45.8,50.17,0.8,8.6,18.7,19.4,61,80,0.762,44,92,0.478,50,168,0.298,0,1.7,30.8,Jr,1-Jun,1,1.09561,2018,41548,Cincinnati
322,Jalen Poyser,St. Bonaventure,A10,29,49.5,97.3,21.6,47.3,51.58,1.9,8,9.7,17.5,47,57,0.825,53,115,0.461,35,108,0.324,0.8,1.3,25.6,Jr,4-Jun,23,1.14164,2019,43587,McNeese St.
323,Jared Samuelson,Montana,BSky,32,28.4,112.4,21.9,57.5,59.73,9.5,15.3,6.3,15.2,33,49,0.673,64,111,0.577,1,3,0.333,3.4,1.6,43,Fr,7-Jun,33,0.969457,2017,42403,Montana
324,Arinze Chidom,Washington St.,P12,8,8.6,89.8,17.9,35.2,40.94,9.6,18.5,9.6,17.1,7,10,0.7,8,20,0.4,1,7,0.143,1,3,37,So,9-Jun,25,-0.228783,2019,44716,UC Riverside
325,Amidou Bamba,Coastal Carolina,SB,32,40.1,91.8,18.9,49.3,48.76,8.9,15.8,4.9,20.6,24,55,0.436,69,140,0.493,0,0,0,4,0.9,39.3,Jr,8-Jun,11,0.133592,2019,48298,Charlotte
326,Keith Fisher III,San Jose St.,MWC,29,64.2,95.1,23.3,49,51.91,8.9,19.9,7.7,19.2,64,101,0.634,118,241,0.49,0,0,0,1.1,1.9,41.9,Fr,8-Jun,5,1.10823,2018,45815,Illinois St.
327,Lamarr Kimble,Saint Joseph's,A10,23,61.7,100.3,24.9,46.4,51.85,2.4,9,17.4,14,87,112,0.777,76,155,0.49,40,138,0.29,0.3,1.7,38.2,Jr,Jun-00,0,2.76577,2019,42665,Louisville
328,Gabe Grant,Houston,Amer,24,9,108.4,21.3,43.2,47.75,7.4,15.7,5.6,6.5,14,22,0.636,4,15,0.267,10,29,0.345,2.8,1.9,50,Jr,4-Jun,20,0.41685,2018,50680,Buffalo
329,Jordan Phillips,Arkansas,SEC,7,2.8,51.4,26.9,15,22.83,3,11.8,0,10.8,4,4,1,3,14,0.214,0,6,0,0,1.5,20,Fr,7-Jun,25,-0.613171,2019,65955,UT Arlington
330,Colin Slater,Tulane,Amer,30,24.9,90.3,17.2,40.8,46.27,1.1,7.3,16.8,21.3,18,22,0.818,16,35,0.457,10,41,0.244,0.7,1.7,28.9,So,1-Jun,14,0.0268518,2018,44757,Long Beach St.
331,Artur Labinowicz,Coastal Carolina,SB,29,68.6,101.4,21.1,45.5,52.74,4,12.8,8,18.8,99,127,0.78,42,109,0.385,46,135,0.341,2.5,1.4,52,So,4-Jun,2,1.43868,2018,48297,Evansville
332,Andrew Robinson,Quinnipiac,MAAC,22,31.3,103.9,14.6,50.4,51.12,1.9,12.4,3.4,8.5,8,13,0.615,5,13,0.385,37,107,0.346,0,0.6,10.8,Jr,6-Jun,14,0.382077,2018,41520,Coppin St.
333,D'Angelo Hunter,West Virginia,B12,18,6.4,69.3,23,35.7,40.52,6.7,12.4,8.4,38.8,5,6,0.833,1,11,0.091,6,17,0.353,3.9,1.2,21.4,Jr,6-Jun,11,-0.253836,2018,51031,Nicholls St.
334,Aaron Robinson,Quinnipiac,MAAC,30,48,92.4,11.3,45.5,43.58,2,9.1,9.5,16.4,1,13,0.077,9,19,0.474,28,93,0.301,0.2,0.9,11.6,Sr,6-Jun,0,-0.578676,2019,41522,Coppin St.
335,Justin Miller,Louisiana Lafayette,SB,30,64,99.9,20.7,45.9,50.14,11.1,21.5,12,20.2,61,89,0.685,76,157,0.484,17,64,0.266,0.9,1.4,40.3,Jr,6-Jun,55,1.1864,2019,49265,Detroit
336,Carte'Are Gordon,Saint Louis,A10,13,22.1,94.4,20.9,55.4,54.82,5.3,13.4,11.1,24,24,48,0.5,43,78,0.551,2,5,0.4,8.2,2.6,57.8,Fr,9-Jun,5,0.822092,2019,65594,DePaul
337,Dazon Ingram,Alabama,SEC,32,52,102.1,19.7,50.7,56.83,4.3,14.4,21.7,26.1,76,107,0.71,51,106,0.481,16,42,0.381,0.6,1.4,72.3,Jr,5-Jun,12,1.61818,2019,40634,UCF
338,Stone Gettings,Cornell,Ivy,27,65.4,110.3,30.4,55.3,59.43,6.3,21.4,24.2,16.2,88,108,0.815,119,216,0.551,42,113,0.372,1.7,1.4,32.8,Jr,8-Jun,13,3.21441,2018,39283,Arizona
339,Eric Hamilton,UNC Greensboro,SC,34,41.3,120.4,17,58.1,62.42,9.9,21.4,1.6,13.8,63,88,0.716,72,124,0.581,0,0,0,2.7,0.7,71,Jr,9-Jun,35,1.57697,2019,39002,Pittsburgh
340,Jeantal Cylla,UNC Wilmington,CAA,32,70.3,105.8,22.9,46.8,52.59,5.4,13.2,4.1,12,102,121,0.843,118,253,0.466,33,105,0.314,2.1,1.1,33.8,Jr,7-Jun,2,1.97857,2019,40004,Arkansas
341,Ibi Watson,Michigan,B10,25,8.2,106.3,24.3,47.2,48.09,10.1,9.3,9.1,5.7,6,11,0.545,10,22,0.455,10,31,0.323,0.8,2.8,20.8,So,5-Jun,23,0.505146,2018,47099,Dayton
342,Isaiah Ross,UMKC,WAC,29,62.7,103.1,22.1,53.2,56.16,2.7,10.4,9.2,14.6,47,59,0.797,46,90,0.511,63,174,0.362,0,1.2,22.3,So,4-Jun,2,1.61776,2018,47550,Iona
343,Joseph Smoyer,Portland,WCC,20,11.6,100.2,12.3,45,51.58,4.6,11,4.3,14.1,9,13,0.692,9,20,0.45,0,0,0,5.8,1.3,65,So,11-Jun,41,0.049927,2018,48176,Columbia
344,M.J. Cage,Oregon,P12,11,4.9,123.2,13.8,65.4,63.76,15.4,25.4,5,17.6,2,4,0.5,7,12,0.583,1,1,1,1.7,0,30.8,Fr,10-Jun,4,0.557958,2018,47509,Pepperdine
345,Edric Dennis,UT Arlington,SB,29,63.4,94.3,29.3,42.5,48.1,4.2,13.9,18.1,18.1,102,135,0.756,62,159,0.39,61,202,0.302,0.6,1.6,37.4,Jr,Jun-00,5,1.81612,2019,49236,TCU
346,Isiah Jasey,Texas A&M,SEC,5,3.5,138.6,15.8,88.9,74.22,15,14,4.9,8.1,3,8,0.375,8,9,0.889,0,0,0,10.1,5.1,88.9,So,10-Jun,15,1.55735,2019,51372,SMU
347,Curran Scott,Tulsa,Amer,32,61.3,101,18.8,50,54.71,1.8,8.9,9.1,15.4,65,85,0.765,49,117,0.419,41,104,0.394,0,0.7,38.5,Jr,4-Jun,10,1.33225,2019,43388,Clemson
348,Isaiah Moss,Iowa,B10,35,59.8,102.7,20.1,48.6,52.14,3,10.4,14.2,16.4,53,67,0.791,62,162,0.383,48,114,0.421,0.9,2.2,24.3,Jr,5-Jun,4,1.90744,2019,41473,Kansas
349,Jalen Harris,Louisiana Tech,CUSA,9,19,102.8,29.1,51.1,57.84,3.4,14.2,20.4,21,37,45,0.822,33,66,0.5,9,25,0.36,1.3,2,49.5,So,4-Jun,NA,2.58061,2018,47012,Nevada
350,Jonathan Baehre,UNC Asheville,BSth,32,53.4,111.4,16.8,60.7,61.6,8.6,15.8,7.9,18.8,15,20,0.75,72,112,0.643,24,66,0.364,9.3,1.7,11.2,So,9-Jun,1,1.28084,2018,48748,Clemson
351,Drew Edwards,Providence,BE,30,23.9,109.7,14.6,44.5,53,3,10.1,9.2,13.2,30,35,0.857,10,30,0.333,15,43,0.349,1.4,3,47.9,Jr,4-Jun,25,0.674475,2019,42798,Charlotte
352,Braun Hartfield,Youngstown St.,Horz,30,80.3,101.3,22.2,49.1,51.38,4.6,12.2,15.6,18.6,74,120,0.617,97,209,0.464,47,132,0.356,2.5,2.8,35.2,So,6-Jun,1,1.85876,2018,47843,San Diego
353,Ryan Daly,Delaware,CAA,26,79.4,105.5,24.6,47.5,50.3,3.7,15,13.6,8.1,82,127,0.646,118,245,0.482,44,142,0.31,0.3,1.9,32.8,So,5-Jun,0,2.83556,2018,45864,Saint Joseph's
354,Charlie Moore,Kansas,B12,35,31.4,82,17.5,36.5,38.45,2,6.2,16,21.9,10,14,0.714,16,51,0.314,20,75,0.267,0.5,2.6,11.1,So,11-May,2,-0.0796484,2019,44420,DePaul
355,Roland Griffin,Iona,MAAC,33,56.9,106,23.6,53.5,56.41,5.9,18.7,11.5,15.3,79,118,0.669,142,262,0.542,2,9,0.222,3,1.1,43.5,Jr,7-Jun,11,1.90633,2018,40100,Jackson St.
356,Elijah Burns,Notre Dame,ACC,4,3.4,158.3,19.4,55,68.97,18.4,16.9,9.3,0,10,11,0.909,4,9,0.444,1,1,1,2.3,0,110,Sr,8-Jun,12,2.51462,2019,41246,Siena
357,Nelly Cummings,Bowling Green,MAC,28,28.4,91.1,16.4,41.8,43.8,1.8,8.1,14.9,15.7,14,25,0.56,25,58,0.431,9,34,0.265,0.6,2.1,27.2,Fr,Jun-00,0,-0.07425,2018,50413,Colgate
358,Keith Smith,Oregon,P12,35,21.4,103.8,14.2,46.6,49.59,8.6,10.4,10.9,19.6,12,18,0.667,27,50,0.54,0,8,0,2.3,2.8,31,So,7-Jun,11,0.276228,2018,47508,Pepperdine
359,Carson Williams,Northern Kentucky,Horz,30,69,117,19.8,61.2,62.33,8.4,15,8.2,14.6,70,109,0.642,136,219,0.621,6,18,0.333,1.7,1.9,46,So,6-Jun,23,2.65485,2018,49276,Western Kentucky
360,Jamir Moultrie,La Salle,A10,17,16.5,80.2,22.9,38,43.37,2.1,5.3,9.3,22.3,15,18,0.833,12,36,0.333,10,35,0.286,0,2,25.4,So,1-Jun,3,-0.0583382,2019,51861,North Carolina Central
361,Malek Harwell,Boise St.,MWC,31,21.5,103.5,14,41.9,53.25,1.9,8,9.3,17,27,34,0.794,6,19,0.316,8,24,0.333,0.5,2,79.1,Jr,5-Jun,5,0.264083,2019,42613,Cal Poly
362,Jaume Sorolla,Valparaiso,MVC,26,35.9,94.4,14.2,53.1,55.22,5.7,15,5.5,24.8,15,22,0.682,40,79,0.506,2,2,1,8.1,1.4,27.2,Jr,Jul-00,14,0.0430835,2019,46843,Cincinnati
363,Karl Harris,Northern Arizona,BSky,30,45.4,90,24.9,41.4,47.64,3,9.8,8.5,16.9,59,71,0.831,71,163,0.436,12,52,0.231,0.4,1.7,33,Jr,5-Jun,14,0.471266,2018,43463,Northern Kentucky
364,Traci Carter,La Salle,A10,31,61.1,91.1,19,41.9,45.03,1.9,11.2,27.6,23.3,26,31,0.839,48,121,0.397,25,83,0.301,0.4,4.3,15.2,Jr,1-Jun,25,0.387549,2019,42956,Hartford
365,C.J. Jones,Arkansas,SEC,35,36.7,111.8,17.8,53.7,55.39,0.9,10,4.9,7.9,19,24,0.792,37,73,0.507,43,116,0.371,1.2,0.9,12.7,So,5-Jun,23,1.34224,2018,46023,Middle Tennessee
366,Sam Cunliffe,Kansas,B12,15,4.7,100,19.8,52,53.95,3.3,10.1,9.3,19.5,2,2,1,10,17,0.588,2,8,0.25,1.4,1.5,8,So,6-Jun,3,0.317816,2018,48952,Evansville
367,Gary Chivichyan,Idaho St.,BSky,27,46.2,110.9,18.3,57.8,58.91,0.9,8.9,3.9,11.1,18,25,0.72,18,35,0.514,55,139,0.396,0,0.8,14.4,Sr,5-Jun,25,1.22989,2019,42030,Pacific
368,Jahshire Hardnett,BYU,WCC,20,36.6,101.9,21.4,45.9,52.16,1.7,7.7,13.4,13.1,50,61,0.82,57,112,0.509,10,45,0.222,0,2.2,38.9,Jr,Jun-00,0,1.4754,2019,51892,UMKC
369,Kerry Blackshear Jr.,Virginia Tech,ACC,35,74.4,118.8,27.4,53.7,58.31,13.7,18.5,17.3,13.7,134,182,0.736,163,299,0.545,21,63,0.333,4.1,1.4,50.3,Jr,10-Jun,24,5.1184,2019,40843,Florida
370,Elijah Mitrou-Long,Texas,B12,36,43.1,92.7,20.4,41.7,43.74,0.7,13.7,17,13.3,27,44,0.614,38,107,0.355,33,103,0.32,0.5,2.8,21,Jr,1-Jun,55,0.807601,2019,38781,UNLV
371,TJ Parham,Green Bay,Horz,17,5.4,86.3,23.1,30.6,33.92,6.7,9.3,12.9,2.9,5,8,0.625,5,14,0.357,4,22,0.182,2.6,4.7,22.2,Sr,7-Jun,0,0.0430121,2019,50509,Alabama A&M
372,Jax Levitch,Fort Wayne,Sum,29,69.2,117.9,8.9,58.6,59.45,3,14.9,5.5,12.9,20,32,0.625,5,17,0.294,42,99,0.424,1.2,2,27.6,So,7-Jun,5,0.99954,2018,47690,UNC Asheville
373,John Crosby,Dayton,A10,26,30.4,96.6,19.7,44.8,51.41,1.4,10.8,23.3,24.5,29,36,0.806,25,55,0.455,9,31,0.29,0,0.9,41.9,Jr,3-Jun,15,0.525098,2018,41498,Delaware St.
374,Shaquillo Fritz,Arkansas St.,SB,23,22.4,96.5,11.7,46.3,48.27,9.8,15.3,4.8,23.2,8,14,0.571,19,41,0.463,0,0,0,9.7,0.6,34.1,Jr,8-Jun,25,-0.0917205,2019,51202,Pacific
375,Patrick Szpir,Chicago St.,WAC,30,47.3,80.8,12.7,41.5,45.85,5.5,10.1,9.2,27.5,22,34,0.647,34,82,0.415,0,0,0,2,0.9,41.5,Jr,9-Jun,23,-0.90758,2019,45251,Wagner
376,Corey Brown,Northern Arizona,BSky,27,37.5,104.1,19.6,60.2,59.74,8,16.9,4.6,19,37,67,0.552,71,117,0.607,0,1,0,2.4,2.3,56.8,Jr,8-Jun,2,0.93196,2018,40175,Canisius
377,Kylia Sykes,UNC Greensboro,SC,32,22.7,99.5,10.8,52.6,52.63,6.7,8.8,9.4,28.1,4,8,0.5,14,22,0.636,4,16,0.25,3.6,3.3,21.1,Fr,5-Jun,0,-0.104439,2018,45913,Jackson St.
378,Lamont West,West Virginia,B12,36,61.5,107.5,20.7,47.8,52.9,5.6,12.5,6.7,15.2,92,118,0.78,58,128,0.453,64,194,0.33,1.4,1.4,36.6,Jr,8-Jun,15,2.53075,2019,42146,Missouri St.
379,Eddie Davis III,Hartford,AE,22,14.8,91.5,14.6,47.4,53.22,3.8,15.2,3.8,25.3,9,9,1,6,15,0.4,8,23,0.348,1.8,1.8,23.7,Sr,7-Jun,15,-0.112705,2019,40568,The Citadel
380,Keith Oddo,Richmond,A10,9,1.9,102.3,7.5,33.3,43.17,0,0,6.6,0,1,1,1,1,2,0.5,0,1,0,4.6,2.4,33.3,Sr,1-Jun,30,-0.0501671,2019,40947,Louisville
381,Isiah Brown,Northwestern,B10,24,19.7,94.7,24.2,44.7,51.82,1.9,7.2,20.5,23.6,25,29,0.862,23,51,0.451,7,24,0.292,0,2,38.7,So,2-Jun,12,0.571589,2018,44211,Grand Canyon
382,Chris Vogt,Northern Kentucky,Horz,33,31.4,95.5,21.9,57.5,53.13,12.4,21.5,7.6,21.4,28,74,0.378,61,106,0.575,0,0,0,10.9,1.4,69.8,So,Jul-00,33,0.426389,2019,51883,Cincinnati
383,David Caraher,Houston Baptist,Slnd,26,73.9,108.4,23.2,53.5,56.95,6.8,17.7,9.8,17.8,84,114,0.737,92,179,0.514,55,147,0.374,0.5,1.4,35,Fr,6-Jun,5,2.66818,2018,51227,St. John's
384,Blake Francis,Wagner,NEC,30,78.9,118.9,21.8,55.5,58.46,2,4.2,10.5,11.9,79,100,0.79,71,154,0.461,98,239,0.41,0.1,2.6,25.4,So,Jun-00,3,3.3724,2018,44827,Richmond
385,Kelvin Jones,Idaho St.,BSky,27,48.8,100.4,27.1,54.6,56.43,10.1,23.1,7.7,20.1,43,66,0.652,113,207,0.546,0,0,0,8,1,31.9,Jr,11-Jun,54,1.35405,2019,46995,Creighton
386,Daryl Edwards,LSU,SEC,9,10.7,95.8,15.9,48.5,52.32,2.9,7.3,11.8,27.8,8,11,0.727,7,13,0.538,6,20,0.3,0.7,1.1,33.3,Sr,3-Jun,5,0.493549,2019,51303,UTEP
387,Ahsante Shivers,Siena,MAAC,32,60.1,90.9,21.7,42.7,47.87,5.5,13.1,11.5,22,65,90,0.722,65,158,0.411,23,75,0.307,0.8,1.3,38.6,So,4-Jun,21,0.306654,2018,46573,Southern
388,Jalen Williams,Furman,SC,16,5,123,11.3,50,53.53,12,20.1,5.2,8.6,5,9,0.556,3,6,0.5,0,0,0,9.2,1,150,Jr,8-Jun,2,0.239676,2019,40009,Cleveland St.
389,Keith Smith,VMI,SC,27,64.7,82.9,18.6,45.3,47.21,0.9,9.7,24.2,28.9,23,37,0.622,36,100,0.36,28,72,0.389,0.8,2.8,21.5,So,Jun-00,1,-0.813955,2018,45916,Cal Poly
390,Cavit Havsa,Fordham,A10,30,59.7,98.1,13,49.5,52.69,2.4,6.9,25.3,26.6,19,25,0.76,37,61,0.607,9,41,0.22,0.6,2.2,24.5,So,4-Jun,15,0.11978,2018,46888,Utah Valley
391,Jason Carter,Ohio,MAC,30,77.4,109.3,25.2,51.1,55.42,6.6,16.4,13.7,12.1,120,168,0.714,152,299,0.508,23,66,0.348,2.4,1.2,46,So,8-Jun,1,3.39845,2019,47914,Xavier
392,Michael Weathers,Oklahoma St.,B12,16,25.4,84.5,31.8,45.8,49.65,3.9,11.8,23.5,26.9,37,59,0.627,49,102,0.48,4,18,0.222,2.6,3.1,49.2,So,2-Jun,23,0.961413,2019,52147,Texas Southern
393,Isaac Kante,Georgia,SEC,10,1.8,89.1,24.9,50,55.87,9.6,8.9,0,30.5,2,2,1,4,8,0.5,0,0,0,4.5,0,25,Fr,7-Jun,30,0.0666308,2018,51238,Hofstra
394,Amel Kuljuhovic,Cal St. Fullerton,BW,16,10.3,82.4,16.3,41.4,42.64,7.1,18.1,2.9,18.4,6,13,0.462,9,25,0.36,2,4,0.5,2.3,1.7,44.8,Jr,10-Jun,22,-0.207675,2019,67970,Southern
395,Khy Kabellis,Pacific,WCC,18,25.2,72.1,20.4,39.7,39.77,1.2,9.1,11.6,24.2,7,18,0.389,15,50,0.3,13,37,0.351,0.5,1.8,20.7,Jr,5-Jun,11,-0.821349,2019,43563,UC Riverside
396,Joey Brunk,Butler,BE,33,46.1,119,20.3,62,63.38,9,14.6,10.6,15.3,59,91,0.648,94,151,0.623,1,3,0.333,1.2,0.5,59.1,So,11-Jun,50,2.43743,2019,44792,Indiana
397,Tyler Scanlon,Boston University,Pat,32,83.3,108.3,22.4,53.2,56.03,3.2,15.9,18.6,17.7,60,75,0.8,115,211,0.545,50,146,0.342,0.6,2.4,21,Jr,7-Jun,2,2.55217,2019,46270,Belmont
398,Souley Boum,San Francisco,WCC,35,46.3,97.3,30.1,43.6,51.55,3.3,12.2,10.7,16.7,118,142,0.831,65,176,0.369,45,128,0.352,0.8,1.6,46.7,Fr,3-Jun,0,1.46752,2018,51170,UTEP
399,Devin Haygood,Youngstown St.,Horz,29,47.5,94.1,18,54,54.13,8.8,16.8,5.6,26,22,42,0.524,81,149,0.544,0,1,0,6.7,0.9,28,Jr,7-Jun,2,0.260019,2018,42448,North Carolina A&T
400,Austin Vereen,VMI,SC,28,70.1,100.8,20.5,47.3,51.95,4.2,15.2,8.7,13.9,63,79,0.797,33,86,0.384,59,171,0.345,1.7,2.2,30.7,Jr,4-Jun,0,1.08539,2018,42378,Pacific
401,Anthony Tarke,NJIT,ASun,28,79.5,97.6,26.6,44.4,47.6,5.4,17.1,12.7,13,87,138,0.63,112,246,0.455,39,138,0.283,2.7,2.3,35.9,So,6-Jun,12,1.45938,2018,46423,UTEP
402,Jamil Jackson,Southern Utah,BSky,4,5.4,93,12.8,46.2,50.18,1.7,1.8,8.5,19.7,2,2,1,6,11,0.545,0,2,0,1.6,0.8,15.4,So,6-Jun,1,-0.131714,2018,50626,IUPUI
403,Evan Clayborne,Cleveland St.,Horz,24,17.5,81.4,21.6,50.8,49.98,10.8,13.9,2.7,28,8,19,0.421,32,63,0.508,0,0,0,7.5,1.5,30.2,So,8-Jun,22,-0.19388,2018,47405,North Carolina Central
404,Jordan Walker,Seton Hall,BE,17,9,82.1,19.6,41.9,42.23,1.8,6.3,19.4,27.8,5,12,0.417,4,12,0.333,6,19,0.316,0.9,2.7,38.7,Fr,11-May,2,-0.0456202,2018,50468,Tulane
405,Tydus Verhoeven,Duquesne,A10,32,47.7,106.1,10.9,51.9,52.87,7.9,12.1,8.2,21.1,20,37,0.541,40,77,0.519,0,0,0,12.4,0.7,48.1,Fr,8-Jun,25,0.23955,2018,50312,UTEP
406,Aaron Falzon,Northwestern,B10,17,20.5,90.6,15.1,45.5,47.24,2.1,9.7,7.7,15,5,6,0.833,2,7,0.286,19,60,0.317,2,1.4,9,Jr,8-Jun,35,0.244101,2019,39482,Quinnipiac
407,Darius Allen,Baylor,B12,14,8.3,83.5,17.7,37.9,37.56,4.1,9.3,8.2,15.1,3,9,0.333,8,13,0.615,3,20,0.15,6.3,4.3,27.3,Jr,4-Jun,1,-0.0750727,2019,66667,Tennessee Tech
408,Deondre Burns,Little Rock,SB,24,52.2,97.6,21.5,47.3,52.39,1.8,10.8,12.3,17,56,71,0.789,64,133,0.481,21,69,0.304,0.2,1.1,35.1,Jr,2-Jun,2,1.05472,2019,42179,Oral Roberts
409,Alihan Demir,Drexel,CAA,31,77.3,105.7,26.1,53.8,56.39,6,19,20.2,19.4,77,109,0.706,162,286,0.566,20,71,0.282,1.9,0.9,30.5,Jr,9-Jun,30,2.56792,2019,51012,Minnesota
410,Darious Hall,Arkansas,SEC,35,36.7,98.6,18.9,55.1,55.87,7.2,17,5.3,22.2,36,64,0.563,51,96,0.531,13,32,0.406,1.8,1.9,50,Fr,6-Jun,20,0.740911,2018,51361,DePaul
411,Daniel Utomi,Akron,MAC,31,84.6,100.9,21.6,51.6,53.39,3.6,13.2,8,14.5,51,74,0.689,65,144,0.451,86,232,0.371,1.2,1.1,19.7,Jr,6-Jun,3,1.98263,2019,43396,USC
412,CJ Walker,Florida St.,ACC,35,57.3,101.3,19,49.8,53.3,1.1,10.8,17.9,21.9,52,71,0.732,55,118,0.466,39,110,0.355,0.7,2.4,31.1,So,1-Jun,2,1.36718,2018,48434,Ohio St.
413,Danny Dixon,UMKC,WAC,31,48.8,96.3,21.7,45.5,50.18,6.1,14.8,4.6,14.7,52,72,0.722,76,175,0.434,7,15,0.467,0.7,1.2,37.9,Jr,10-Jun,4,0.72573,2019,40580,North Carolina St.
414,Rasheem Dunn,St. Francis NY,NEC,29,76.8,98.8,27.9,44.7,49.71,2.4,19.8,16.9,13.8,103,134,0.769,115,248,0.464,41,147,0.279,0.1,2.6,33.9,So,2-Jun,0,1.81591,2018,48114,Cleveland St.
415,Wesley Harris,West Virginia,B12,22,38,99.9,16.5,45.7,50.79,6.1,13.7,5.9,19.3,47,68,0.691,33,76,0.434,20,62,0.323,1.8,1.5,49.3,Jr,8-Jun,21,1.27605,2019,51867,Tennessee St.
416,Ricky Torres,Wichita St.,Amer,37,37.6,87.7,14.6,36.4,38.15,2.1,11.5,28.8,26.2,8,12,0.667,33,62,0.532,4,45,0.089,0.6,1.5,11.2,Jr,2-Jun,3,-0.117293,2019,65742,Illinois St.
417,Peace Ilegomah,Pittsburgh,ACC,7,2.4,78.8,12.8,100,68.57,3.5,20.3,6.1,42.4,2,5,0.4,2,2,1,0,0,0,0,0,250,So,9-Jun,42,-0.312783,2019,50368,Evansville
418,Donovan Mitchell,Wake Forest,ACC,30,27.2,103.7,12.7,60.2,61.99,4.7,18.3,3.2,25.2,10,13,0.769,16,29,0.552,15,35,0.429,2.8,1.5,20.3,So,8-Jun,2,0.405706,2018,49374,Santa Clara
419,Justin Pierce,William & Mary,CAA,27,76.3,106.2,24.4,52.5,53.52,6.4,24.3,24.2,15.5,56,97,0.577,103,188,0.548,44,134,0.328,0.9,1.7,30.1,Jr,7-Jun,23,2.57806,2019,48824,North Carolina
420,Tyler Stewart,Binghamton,AE,4,3.3,71.3,38.8,31.3,38.43,2.8,8.3,0,15.1,6,7,0.857,6,15,0.4,1,9,0.111,8,1.5,29.2,So,8-Jun,5,-0.101044,2019,46713,St. Francis PA